"date","heat_index","standard_deviation","mean_temperature","mean_humidity","mean_wind_speed","max_temperature","min_temperature","sum_heat_index","percentil_95","percentil_99","lag_heat_index_1","lag_heat_index_2","lag_heat_index_3","hospitalizations","average_stay","deaths","mortality_rate","deforestation","primary_forest_loss ","favela","urbanized_area"
"2000-12","30.07967741935484","4.615564598089791","28.94","51.32","2.0","35.4","22.2","932.47",38025,38552,"26.305666666666664","23.42774193548387","21.801111111111112",4266,"6.1",242,"5.67",6164,150,1865,14831
"2001-01","31.90774193548387","4.864888289006863","29.69","59.1","2.19","35.4","21.4","989.14","38.78","39.59","30.07967741935484","26.305666666666664","23.42774193548387",4032,"5.9",218,"5.41",6390,201,1903,14972
"2001-02","32.95964285714286","3.889431532435384","30.08","60.14","2.33","34.2","23.5","922.87",38625,38803,"31.90774193548387","30.07967741935484","26.305666666666664",3888,"5.8",217,"5.58",6390,201,1903,14972
"2001-03","32.071290322580644","3.5858078977505","29.82","56.61","2.21","34.4","25.1","994.21",37065,"37.74","32.95964285714286","31.90774193548387","30.07967741935484",3658,"5.8",176,"4.81",6390,201,1903,14972
"2001-04","25.963666666666665","3.3071057075514743","25.37","64.77","1.68","30.8","19.3","778.91",30751,"32.1117","32.071290322580644","32.95964285714286","31.90774193548387",4022,"5.8",256,"6.36",6390,201,1903,14972
"2001-05","19.17","3.650522337054429","19.17","75.87","1.64","27.3","12.9","594.27","23.4",27482,"25.963666666666665","32.071290322580644","32.95964285714286",4332,"6.2",270,"6.23",6390,201,1903,14972
"2001-06","19.826666666666664","5.83344361143708","20.0","66.37","1.83","28.9","10.7","594.8","27.5695","28.9732","19.17","25.963666666666665","32.071290322580644",4201,"5.8",270,"6.43",6390,201,1903,14972
"2001-07","18.325483870967744","4.798970610946808","18.65","67.71","1.68","30.2","11.7","568.09","25.11","28.61","19.826666666666664","19.17","25.963666666666665",4356,"5.8",295,"6.77",6390,201,1903,14972
"2001-08","24.06387096774193","4.512320672277445","24.4","52.39","1.61","30.7","17.2","745.98",29845,"30.76","18.325483870967744","19.826666666666664","19.17",4632,"6.1",319,"6.89",6390,201,1903,14972
"2001-09","21.55933333333333","4.368539512384474","21.75","57.87","2.6","28.4","15.0","646.78","28.0565","28.4204","24.06387096774193","18.325483870967744","19.826666666666664",3935,"6.3",237,"6.02",6390,201,1903,14972
"2001-10","26.381290322580647","4.024257895923571","26.25","51.61","2.47","35.3","21.8","817.82","33.760000000000005","35.94","21.55933333333333","24.06387096774193","18.325483870967744",3999,"6.0",306,"7.65",6390,201,1903,14972
"2001-11",26869,"4.247820820625316","26.62","52.67","2.59","34.6","19.6","806.0699999999999","33.8265","35.4874","26.381290322580647","21.55933333333333","24.06387096774193",4113,"6.1",242,"5.88",6390,201,1903,14972
"2001-12","28.60967741935484","3.899265301627104","28.02","51.35","2.44","35.3","20.0","886.9","34.86",36013,26869,"26.381290322580647","21.55933333333333",4147,"6.0",246,"5.93",6390,201,1903,14972
"2002-01","30.64516129032258","2.613519811758009","29.9","47.65","2.46","35.2","26.0","950.0",34295,36186,"28.60967741935484",26869,"26.381290322580647",4251,"5.8",246,"5.79",6538,117,1924,15107
"2002-02","30.171071428571427","2.746355617886034","29.61","46.46","2.28","35.2","25.3","844.79","35.0145","36.1765","30.64516129032258","28.60967741935484",26869,4055,"5.9",242,"5.97",6538,117,1924,15107
"2002-03","33.097096774193545","4.891838232231579","30.67","55.45","2.46","37.3","21.7","1026.01","40.42",40667,"30.171071428571427","30.64516129032258","28.60967741935484",3749,"5.7",236,"6.3",6538,117,1924,15107
"2002-04","25.348666666666663","4.233232834357809","24.89","61.23","2.13","31.2","19.5","760.46","32.067499999999995","32.4665","33.097096774193545","30.171071428571427","30.64516129032258",4087,"5.7",250,"6.12",6538,117,1924,15107
"2002-05","23.40774193548387","3.903935373165066","23.36","61.81","1.45","32.4","17.5","725.64","30.56",31926,"25.348666666666663","33.097096774193545","30.171071428571427",4125,"6.0",248,"6.01",6538,117,1924,15107
"2002-06","18.02433333333333","6.307107475907136","18.38","68.03","1.3","30.1","11.1","540.73","29.091999999999995","30.18","23.40774193548387","25.348666666666663","33.097096774193545",4193,"6.0",306,"7.3",6538,117,1924,15107
"2002-07","18.18967741935484","4.489564554884261","18.61","63.68","1.66","28.3","11.4","563.88",24475,27199,"18.02433333333333","23.40774193548387","25.348666666666663",4558,"6.0",325,"7.13",6538,117,1924,15107
"2002-08","21.03451612903226","6.247564772885341","21.33","60.77","1.95","32.7","12.1","652.07","30.950000000000003",33198,"18.18967741935484","18.02433333333333","23.40774193548387",4768,"6.2",354,"7.42",6538,117,1924,15107
"2002-09","20.037333333333333","4.459631910999965","20.45","57.53","1.97","30.9","10.8","601.12",26955,"28.9573","21.03451612903226","18.18967741935484","18.02433333333333",4291,"6.1",315,"7.34",6538,117,1924,15107
"2002-10","24.911290322580644","4.647867426347617","24.27","67.26","1.75","32.0","17.7","772.25",33005,34235,"20.037333333333333","21.03451612903226","18.18967741935484",4098,"6.1",281,"6.86",6538,117,1924,15107
"2002-11","27.74566666666667","4.509908389109572","27.29","52.5","2.38","35.1","20.1","832.37","33.9225","36.4443","24.911290322580644","20.037333333333333","21.03451612903226",4366,"6.2",288,"6.6",6538,117,1924,15107
"2002-12","27.240645161290324","4.786368098035553","26.49","60.74","1.88","34.3","21.6","844.46","36.07",37907,"27.74566666666667","24.911290322580644","20.037333333333333",4126,"6.0",284,"6.88",6538,117,1924,15107
"2003-01","31.24903225806452","2.6380123260246653","30.42","47.55","2.18","36.2","24.7","968.72","35.6",36209,"27.240645161290324","27.74566666666667","24.911290322580644",4246,"5.9",284,"6.69",7258,576,1950,15272
"2003-02","32.73107142857143","5.426731052911589","30.53","53.21","2.05","37.5","22.4","916.47","39.7645",39883,"31.24903225806452","27.240645161290324","27.74566666666667",3983,"5.7",259,"6.5",7258,576,1950,15272
"2003-03","29.251290322580644","5.460123162185684","27.89","57.84","2.05","34.2","18.0","906.79",37285,40407,"32.73107142857143","31.24903225806452","27.240645161290324",3848,"5.7",226,"5.87",7258,576,1950,15272
"2003-04",24675,"3.542832249038556","24.59","56.63","1.86","30.8","19.8","740.25","30.5345","31.725700000000003","29.251290322580644","32.73107142857143","31.24903225806452",3878,"5.9",258,"6.65",7258,576,1950,15272
"2003-05","21.37258064516129","5.559432805446933","21.66","56.97","2.01","30.2","10.9","662.55",29015,29501,24675,"29.251290322580644","32.73107142857143",4126,"5.8",284,"6.88",7258,576,1950,15272
"2003-06","20.454666666666665","3.741110597903666","20.47","69.67","1.5","27.3","13.9","613.64","27.4265","27.6317","21.37258064516129",24675,"29.251290322580644",4142,"6.2",356,"8.59",7258,576,1950,15272
"2003-07","18.94677419354839","4.971932144278704","19.33","62.84","1.67","30.3","12.3","587.35","26.58",28838,"20.454666666666665","21.37258064516129",24675,3997,"6.0",301,"7.53",7258,576,1950,15272
"2003-08","18.753225806451614","4.850212632518822","19.49","50.9","1.75","29.9","13.4","581.35",27525,28581,"18.94677419354839","20.454666666666665","21.37258064516129",4041,"6.1",332,"8.22",7258,576,1950,15272
"2003-09","20.738333333333333","4.620492646769452","21.24","54.77","2.26","33.8","14.2","622.15",29257,"31.625400000000003","18.753225806451614","18.94677419354839","20.454666666666665",4242,"6.3",340,"8.02",7258,576,1950,15272
"2003-10","25.36354838709677","4.811911296208673","25.47","50.1","2.12","35.0","17.7","786.27",33165,34651,"20.738333333333333","18.753225806451614","18.94677419354839",4172,"6.0",342,"8.2",7258,576,1950,15272
"2003-11","27.287333333333333","4.18408720596577","27.19","49.0","2.18","35.1","20.4","818.62","33.8955","36.0183","25.36354838709677","20.738333333333333","18.753225806451614",4081,"6.0",309,"7.57",7258,576,1950,15272
"2003-12","27.490322580645163","2.9322488342237354","27.12","52.19","2.41","31.8","21.0","852.2",31155,31888,"27.287333333333333","25.36354838709677","20.738333333333333",4404,"6.3",288,"6.54",7258,576,1950,15272
"2004-01","31.260322580645163","3.3996465344414526","30.14","48.81","2.35","34.7","23.3","969.07","36.17",37358,"27.490322580645163","27.287333333333333","25.36354838709677",4170,"6.0",275,"6.59",7407,136,1989,15457
"2004-02","29.21586206896552","2.64699629936783","28.57","49.1","2.3","32.8","21.7","847.26",33382,"33.846000000000004","31.260322580645163","27.490322580645163","27.287333333333333",3660,"5.8",251,"6.86",7407,136,1989,15457
"2004-03","28.74903225806452","2.971553302947478","28.32","49.45","2.61","34.3","23.1","891.22",33285,34658,"29.21586206896552","31.260322580645163","27.490322580645163",3985,"6.5",250,"6.27",7407,136,1989,15457
"2004-04",26774,"6.201976659320687","26.41","54.8","1.76","33.9","15.1","803.22","34.053999999999995","35.2926","28.74903225806452","29.21586206896552","31.260322580645163",3554,"6.0",242,"6.81",7407,136,1989,15457
"2004-05","18.97774193548388","2.762788096202119","19.26","66.29","1.93","25.4","15.1","588.3100000000001","23.5",24965,26774,"28.74903225806452","29.21586206896552",3840,"6.1",263,"6.85",7407,136,1989,15457
"2004-06",20654,"4.588519857509458","20.88","61.5","1.47","29.0","11.2","619.62","28.0875","29.1253","18.97774193548388",26774,"28.74903225806452",4020,"6.3",343,"8.53",7407,136,1989,15457
"2004-07","18.330645161290324","4.772640034951913","18.84","58.0","1.66","28.8","11.4","568.25",26295,29013,20654,"18.97774193548388",26774,4093,"6.4",344,"8.4",7407,136,1989,15457
"2004-08","20.2558064516129","4.700636676163168","20.71","56.26","1.51","30.8","11.4","627.93","27.61",30036,"18.330645161290324",20654,"18.97774193548388",4098,"6.2",379,"9.25",7407,136,1989,15457
"2004-09","23.12366666666667","5.578870534147715","23.29","59.97","2.12","36.4","14.7","693.71",34285,"34.992799999999995","20.2558064516129","18.330645161290324",20654,4040,"6.4",333,"8.24",7407,136,1989,15457
"2004-10","23.921935483870968","3.3356153049123614","24.23","48.77","1.77","31.3","18.9","741.58",28605,29967,"23.12366666666667","20.2558064516129","18.330645161290324",3986,"6.5",298,"7.48",7407,136,1989,15457
"2004-11","25.90533333333333","4.005855828601453","25.71","54.0","1.85","33.2","18.1","777.16","32.7215","33.613200000000006","23.921935483870968","23.12366666666667","20.2558064516129",4087,"6.5",309,"7.56",7407,136,1989,15457
"2004-12","28.850645161290323","3.5656723867866043","28.48","47.26","2.7","35.0","23.1","894.37","34.370000000000005",36573,"25.90533333333333","23.921935483870968","23.12366666666667",4044,"6.2",248,"6.13",7407,136,1989,15457
"2005-01","32.43645161290323","4.087191821929489","31.48","44.0","2.15","39.0","22.8","1005.53","38.36",40452,"28.850645161290323","25.90533333333333","23.921935483870968",3898,"6.0",249,"6.39",7519,88,2010,15542
"2005-02","30.31","3.44572735964949","29.69","48.25","2.12","34.0","22.0","848.6800000000001","34.8885","35.2528","32.43645161290323","28.850645161290323","25.90533333333333",3692,"5.8",239,"6.47",7519,88,2010,15542
"2005-03","29.61096774193549","3.8321128678912975","29.38","46.81","1.9","37.3","20.6","917.94","36.120000000000005",37279,"30.31","32.43645161290323","28.850645161290323",3543,"6.2",242,"6.83",7519,88,2010,15542
"2005-04","25.633333333333333","5.297477821035953","24.94","62.87","1.46","35.2","18.5","769.0","36.95499999999999","38.8259","29.61096774193549","30.31","32.43645161290323",3959,"5.9",263,"6.64",7519,88,2010,15542
"2005-05","22.741935483870968","3.881742237153173","22.62","66.65","1.18","30.8","16.8","705.0",29485,31626,"25.633333333333333","29.61096774193549","30.31",3842,"6.0",280,"7.29",7519,88,2010,15542
"2005-06","22.61233333333333","4.904286431510588","22.43","65.7","1.29","28.9","13.8","678.37","29.5375","29.7139","22.741935483870968","25.633333333333333","29.61096774193549",3997,"6.3",260,"6.5",7519,88,2010,15542
"2005-07","19.662258064516127","6.321529197737637","20.15","54.74","1.73","31.7","12.2","609.53",29825,30834,"22.61233333333333","22.741935483870968","25.633333333333333",4085,"6.2",309,"7.56",7519,88,2010,15542
"2005-08","21.958064516129035","5.670394118786241","22.39","56.61","1.9","30.6","12.8","680.7","29.64",29697,"19.662258064516127","22.61233333333333","22.741935483870968",4261,"6.4",382,"8.97",7519,88,2010,15542
"2005-09","19.363666666666667","4.421886384271118","19.68","61.13","2.55","27.1","13.1","580.91",27247,"27.6723","21.958064516129035","19.662258064516127","22.61233333333333",3548,"6.4",314,"8.85",7519,88,2010,15542
"2005-10","23.642258064516128","4.65321086969519","23.46","61.16","1.97","32.3","16.7","732.91","31.62",33182,"19.363666666666667","21.958064516129035","19.662258064516127",3523,"6.5",305,"8.66",7519,88,2010,15542
"2005-11",27784,"5.21062151299863","27.93","45.1","2.29","36.6","18.0","833.52","35.0485","36.5284","23.642258064516128","19.363666666666667","21.958064516129035",3367,"6.2",241,"7.16",7519,88,2010,15542
"2005-12","28.590967741935486","3.216190660640536","28.53","44.58","2.21","34.9","24.1","886.32","34.28",35009,27784,"23.642258064516128","19.363666666666667",3661,"6.0",299,"8.17",7519,88,2010,15542
"2006-01","32.64774193548387","5.71579548833897","30.72","53.16","2.06","38.1","21.9","1012.08","41.44",42306,"28.590967741935486",27784,"23.642258064516128",3537,"5.7",276,"7.8",7605,69,2022,15608
"2006-02","30.40964285714286","3.290723754842971","29.26","52.89","2.12","34.5","21.8","851.47","35.286500000000004","36.9265","32.64774193548387","28.590967741935486",27784,3353,"6.0",241,"7.19",7605,69,2022,15608
"2006-03","29.62516129032258","3.7345895543934864","28.56","55.9","1.91","36.3","22.2","918.38","34.55",36928,"30.40964285714286","32.64774193548387","28.590967741935486",3589,"5.6",254,"7.08",7605,69,2022,15608
"2006-04","25.38433333333333","3.412833470717637","24.73","65.4","1.59","30.3","19.6","761.53",30892,"31.5703","29.62516129032258","30.40964285714286","32.64774193548387",3594,"5.8",257,"7.15",7605,69,2022,15608
"2006-05","18.94419354838709","3.37516495813518","19.03","74.81","1.71","24.9","13.3","587.27","24.17",24749,"25.38433333333333","29.62516129032258","30.40964285714286",3969,"5.9",279,"7.03",7605,69,2022,15608
"2006-06",20653,"4.787515481203023","20.53","72.23","1.6","30.6","14.9","619.59",28976,"30.9994","18.94419354838709","25.38433333333333","29.62516129032258",3917,"6.2",324,"8.27",7605,69,2022,15608
"2006-07","21.646451612903224","5.029959939129468","21.6","70.06","1.57","31.2","10.3","671.04",29805,31162,20653,"18.94419354838709","25.38433333333333",3883,"6.2",307,"7.91",7605,69,2022,15608
"2006-08","18.873548387096776","5.90877739660081","19.43","58.29","1.75","32.2","9.8","585.08","28.74",30373,"21.646451612903224",20653,"18.94419354838709",3878,"6.3",325,"8.38",7605,69,2022,15608
"2006-09",20659,"4.825296381820894","20.97","56.53","2.03","32.0","12.6","619.77","27.3025","31.358100000000007","18.873548387096776","21.646451612903224",20653,3991,"6.4",377,"9.45",7605,69,2022,15608
"2006-10","26.057741935483868","4.209242774084525","25.95","52.23","2.07","34.4","19.5","807.79",32095,34628,20659,"18.873548387096776","21.646451612903224",3626,"6.3",333,"9.18",7605,69,2022,15608
"2006-11",25517,"4.378745017814407","25.56","53.57","2.44","35.9","17.0","765.51","33.8295","34.9663","26.057741935483868",20659,"18.873548387096776",3978,"6.3",298,"7.49",7605,69,2022,15608
"2006-12","31.95967741935484","4.035461546400005","30.61","48.48","1.84","37.2","24.9","990.75","37.23","39.09",25517,"26.057741935483868",20659,3453,"6.4",259,"7.5",7605,69,2022,15608
"2007-01","31.88774193548387","4.186060765347632","30.13","52.26","2.24","35.7","24.9","988.52",37945,"39.49","31.95967741935484",25517,"26.057741935483868",3465,"5.7",245,"7.07",7733,74,2028,15721
"2007-02","31.35214285714286","3.672565313079672","30.12","50.36","2.12","35.4","22.7","877.86",35876,"37.3908","31.88774193548387","31.95967741935484",25517,3363,"5.7",252,"7.49",7733,74,2028,15721
"2007-03","32.078709677419354","4.826766855729609","29.47","60.48","2.0","35.0","22.0","994.44","38.71",39768,"31.35214285714286","31.88774193548387","31.95967741935484",3559,"6.1",265,"7.45",7733,74,2028,15721
"2007-04","27.69233333333333","3.895826841841048","27.07","55.2","1.74","32.4","19.1","830.77","33.0755","33.7357","32.078709677419354","31.35214285714286","31.88774193548387",3471,"5.8",269,"7.75",7733,74,2028,15721
"2007-05","19.076451612903227","5.279699201272169","19.44","61.06","1.64","29.4","9.4","591.37","29.01",29662,"27.69233333333333","32.078709677419354","31.35214285714286",3619,"6.0",281,"7.76",7733,74,2028,15721
"2007-06","17.713666666666665","4.739803926785138","18.07","68.3","1.73","29.4","11.5","531.41","27.5685","28.9396","19.076451612903227","27.69233333333333","32.078709677419354",3925,"6.2",405,"10.32",7733,74,2028,15721
"2007-07","16.481612903225805","4.750764216961445","17.13","61.55","1.89","28.4","9.1","510.93","27.37",27599,"17.713666666666665","19.076451612903227","27.69233333333333",3904,"6.4",431,"11.04",7733,74,2028,15721
"2007-08","18.79741935483871","5.574908051703296","19.21","64.06","1.98","32.0","12.2","582.72","29.4",30653,"16.481612903225805","17.713666666666665","19.076451612903227",4051,"6.3",374,"9.23",7733,74,2028,15721
"2007-09","24.079666666666665","5.729954253493343","24.13","58.17","2.05","32.8","16.4","722.39","32.9","33.6626","18.79741935483871","16.481612903225805","17.713666666666665",3926,"6.6",370,"9.42",7733,74,2028,15721
"2007-10","25.70096774193549","3.952793404533652","25.29","60.87","1.91","31.8","18.8","796.73",32365,32523,"24.079666666666665","18.79741935483871","16.481612903225805",4018,"6.2",329,"8.19",7733,74,2028,15721
"2007-11","25.04233333333333","4.05842391978015","25.09","50.5","2.35","34.1","18.7","751.27","31.067499999999995","33.0809","25.70096774193549","24.079666666666665","18.79741935483871",3707,"6.0",277,"7.47",7733,74,2028,15721
"2007-12","30.61709677419355","3.67937965201417","29.82","47.84","1.99","34.8","23.2","949.13",36975,37444,"25.04233333333333","25.70096774193549","24.079666666666665",3715,"6.1",304,"8.18",7733,74,2028,15721
"2008-01","29.76","4.213297204486446","28.97","50.65","2.33","37.1","23.3","922.56",35955,"37.45","30.61709677419355","25.04233333333333","25.70096774193549",2668,"5.4",141,"5.28",7836,92,2039,15895
"2008-02","29.77655172413793","3.248451582635804","28.88","53.41","1.98","33.7","21.9","863.52",33948,"35.234399999999994","29.76","30.61709677419355","25.04233333333333",4009,"6.2",306,"7.63",7836,92,2039,15895
"2008-03","29.62967741935484","3.324678915695936","28.81","51.74","2.07","33.6","24.0","918.52",34075,36362,"29.77655172413793","29.76","30.61709677419355",3771,"5.9",283,"7.5",7836,92,2039,15895
"2008-04","24.60833333333333","4.084726035073736","24.77","53.7","1.54","33.0","17.7","738.25","30.29","31.3385","29.62967741935484","29.77655172413793","29.76",3758,"6.0",265,"7.05",7836,92,2039,15895
"2008-05","21.17548387096774","5.2366355857615785","21.37","59.06","1.87","30.8","11.4","656.4399999999999",30125,31275,"24.60833333333333","29.62967741935484","29.77655172413793",3501,"5.8",251,"7.17",7836,92,2039,15895
"2008-06",16582,"2.6223040671687285","17.1","65.6","1.59","21.7","12.5","497.46",19594,"21.021600000000003","21.17548387096774","24.60833333333333","29.62967741935484",3606,"6.2",347,"9.62",7836,92,2039,15895
"2008-07","20.328064516129032","4.558281415442183","20.53","63.58","1.68","27.6","14.1","630.17",27235,27592,16582,"21.17548387096774","24.60833333333333",3925,"6.2",366,"9.32",7836,92,2039,15895
"2008-08","19.85","4.044138144689587","20.27","57.68","1.88","28.2","14.3","615.35","26.825000000000003",27527,"20.328064516129032",16582,"21.17548387096774",3772,"6.4",356,"9.44",7836,92,2039,15895
"2008-09","20.03333333333333","4.532951640455988","20.5","56.03","2.35","31.1","11.8","601.0","26.87549999999999","29.2453","19.85","20.328064516129032",16582,3715,"6.2",355,"9.56",7836,92,2039,15895
"2008-10","23.390967741935484","3.5654689778846853","23.38","59.0","2.14","32.8","18.0","725.12","29.27",32717,"20.03333333333333","19.85","20.328064516129032",3991,"6.1",361,"9.05",7836,92,2039,15895
"2008-11","27.26033333333333","3.870813407642068","26.89","52.93","2.54","32.5","20.7","817.8100000000001","32.7455",32982,"23.390967741935484","20.03333333333333","19.85",3389,"6.0",280,"8.26",7836,92,2039,15895
"2008-12","28.739032258064515","4.326163315486145","28.23","50.52","2.15","35.7","21.7","890.91","35.745000000000005",36914,"27.26033333333333","23.390967741935484","20.03333333333333",3430,"6.0",278,"8.1",7836,92,2039,15895
"2009-01","29.19451612903226","4.090254954327155","28.14","54.65","2.26","33.1","17.7","905.03","34.67",36234,"28.739032258064515","27.26033333333333","23.390967741935484",3227,"5.8",279,"8.65",7944,101,2046,15999
"2009-02","30.749642857142856","3.127906035037045","29.26","54.75","2.14","34.0","24.6","860.99","35.18","35.1946","29.19451612903226","28.739032258064515","27.26033333333333",3371,"6.1",242,"7.18",7944,101,2046,15999
"2009-03","29.54806451612903","2.740007809422981","28.29","57.0","1.89","32.5","24.0","915.99","33.76","34.492999999999995","30.749642857142856","29.19451612903226","28.739032258064515",3638,"6.0",254,"6.98",7944,101,2046,15999
"2009-04","26.55433333333333","3.118969417914363","26.4","51.33","1.69","33.1","21.2","796.63",31886,"33.1662","29.54806451612903","30.749642857142856","29.19451612903226",3389,"5.8",240,"7.08",7944,101,2046,15999
"2009-05","22.64322580645161","4.670524158376496","22.72","57.48","1.2","29.4","14.6","701.94",28125,29369,"26.55433333333333","29.54806451612903","30.749642857142856",3361,"6.0",284,"8.45",7944,101,2046,15999
"2009-06","17.23166666666667","4.271930907465722","17.83","59.03","1.59","26.1","11.9","516.95","24.5295","26.2007","22.64322580645161","26.55433333333333","29.54806451612903",3542,"6.0",316,"8.92",7944,101,2046,15999
"2009-07","15.841290322580644","3.762882531548993","16.57","59.68","1.52","25.1","8.9","491.08","22.630000000000003",24429,"17.23166666666667","22.64322580645161","26.55433333333333",3538,"6.4",342,"9.67",7944,101,2046,15999
"2009-08","21.66193548387097","5.766607563871408","22.15","56.16","1.56","33.1","13.9","671.52","30.88",31388,"15.841290322580644","17.23166666666667","22.64322580645161",3503,"6.2",345,"9.85",7944,101,2046,15999
"2009-09",20612,"4.146012126335876","20.76","64.77","1.95","28.2","13.5","618.36","27.3165","27.9951","21.66193548387097","15.841290322580644","17.23166666666667",3907,"6.2",321,"8.22",7944,101,2046,15999
"2009-10","24.259032258064515","5.283117359311457","24.34","52.58","1.91","34.1","14.1","752.03",34045,35351,20612,"21.66193548387097","15.841290322580644",3768,"6.3",290,"7.7",7944,101,2046,15999
"2009-11","28.999666666666663","4.846748275965516","27.45","64.1","1.64","35.0","21.5","869.99",37719,"38.1339","24.259032258064515",20612,"21.66193548387097",3409,"6.0",313,"9.18",7944,101,2046,15999
"2009-12","30.11774193548387","5.05131316898713","28.34","58.77","2.0","34.2","20.8","933.65","37.38","37.73","28.999666666666663","24.259032258064515",20612,3320,"6.2",273,"8.22",7944,101,2046,15999
"2010-01","31.76935483870968","3.74798162169442","29.47","58.48","1.91","34.0","23.8","984.85","37.75",38843,"30.11774193548387","28.999666666666663","24.259032258064515",3449,"6.0",286,"8.29",8048,86,2051,16112
"2010-02","35.075714285714284","6.433636969559646","31.6","53.39","1.96","38.2","24.6","982.12",43041,"45.469800000000006","31.76935483870968","30.11774193548387","28.999666666666663",3103,"6.0",245,"7.9",8048,86,2051,16112
"2010-03","29.05161290322581","2.6981513384466207","27.98","58.06","1.85","32.6","23.5","900.6","32.41","34.431999999999995","35.075714285714284","31.76935483870968","30.11774193548387",3250,"6.0",286,"8.8",8048,86,2051,16112
"2010-04","25.41933333333333","4.317067118513116","25.24","57.47","1.4","33.0","18.5","762.58",33017,"33.4801","29.05161290322581","35.075714285714284","31.76935483870968",3162,"6.1",232,"7.34",8048,86,2051,16112
"2010-05","20.697741935483872","2.7625129980718874","20.74","69.9","1.81","25.3","15.9","641.63","24.94",25058,"25.41933333333333","29.05161290322581","35.075714285714284",3505,"6.2",269,"7.67",8048,86,2051,16112
"2010-06",19204,"3.2646313621961185","19.52","63.83","1.37","26.9","14.9","576.12","25.0495",26742,"20.697741935483872","25.41933333333333","29.05161290322581",3455,"6.2",269,"7.79",8048,86,2051,16112
"2010-07","19.344193548387096","5.859136326680209","19.71","61.48","1.49","29.8","10.4","599.67",27365,"28.61",19204,"20.697741935483872","25.41933333333333",3565,"6.5",286,"8.02",8048,86,2051,16112
"2010-08","18.450000000000003","5.79505593875791","18.97","60.06","1.71","32.6","9.8","571.95","28.51",30454,"19.344193548387096",19204,"20.697741935483872",3814,"6.4",341,"8.94",8048,86,2051,16112
"2010-09","20.97533333333333","2.2340850681999616","21.11","64.67","1.89","26.6","17.5","629.26",24766,"26.1974","18.450000000000003","19.344193548387096",19204,3726,"6.4",370,"9.93",8048,86,2051,16112
"2010-10","22.80967741935484","2.742977073510906","22.99","54.42","2.07","27.5","16.5","707.1",27275,"28.14","20.97533333333333","18.450000000000003","19.344193548387096",3689,"6.5",313,"8.48",8048,86,2051,16112
"2010-11","26.49366666666667","3.56526198034671","26.56","47.7","2.02","34.9","20.0","794.8100000000001","32.82549999999999","34.1038","22.80967741935484","20.97533333333333","18.450000000000003",3644,"6.5",323,"8.86",8048,86,2051,16112
"2010-12","29.73322580645161","3.370367326268532","28.69","51.52","2.4","35.0","21.1","921.73",34125,36437,"26.49366666666667","22.80967741935484","20.97533333333333",3672,"6.1",272,"7.41",8048,86,2051,16112
"2011-01","33.84193548387096","3.899205405681895","30.9","56.52","1.93","36.0","24.3","1049.1","38.870000000000005",42348,"29.73322580645161","26.49366666666667","22.80967741935484",3127,"6.0",242,"7.74",8160,91,2055,16271
"2011-02","31.160714285714285","3.4523775259972083","28.86","62.43","2.21","35.6","24.7","872.5",38013,"38.9841","33.84193548387096","29.73322580645161","26.49366666666667",2908,"5.8",254,"8.73",8160,91,2055,16271
"2011-03","28.573870967741936","3.657743090503901","27.67","55.74","2.14","32.7","21.9","885.79","33.89",34807,"31.160714285714285","33.84193548387096","29.73322580645161",3350,"5.9",236,"7.04",8160,91,2055,16271
"2011-04","25.761666666666667","3.0106925349875704","25.36","58.1","1.33","30.0","21.2","772.85",31396,"31.6678","28.573870967741936","31.160714285714285","33.84193548387096",3121,"6.0",227,"7.27",8160,91,2055,16271
"2011-05","20.746774193548383","2.6650395708091263","20.94","62.19","1.65","27.3","16.0","643.15",25675,"27.56","25.761666666666667","28.573870967741936","31.160714285714285",3297,"6.0",286,"8.67",8160,91,2055,16271
"2011-06",17541,"3.8839202999742057","17.97","65.8","1.43","25.7","10.2","526.23","23.5025","25.3074","20.746774193548383","25.761666666666667","28.573870967741936",3456,"6.2",313,"9.06",8160,91,2055,16271
"2011-07","17.082580645161293","5.410702337492446","17.5","67.71","1.53","28.0","10.0","529.5600000000001","26.27",27584,17541,"20.746774193548383","25.761666666666667",3547,"6.3",338,"9.53",8160,91,2055,16271
"2011-08","18.426451612903225","5.425074222771578","18.77","67.45","1.83","32.2","11.1","571.22","27.76",30853,"17.082580645161293",17541,"20.746774193548383",3482,"6.4",318,"9.13",8160,91,2055,16271
"2011-09","21.812666666666665","4.277288001020991","22.19","53.63","1.73","33.4","14.9","654.38","29.07049999999999","32.1293","18.426451612903225","17.082580645161293",17541,3641,"6.1",293,"8.05",8160,91,2055,16271
"2011-10","24.460967741935484","3.080374820092201","24.56","53.48","2.03","33.5","19.2","758.29","29.77",31297,"21.812666666666665","18.426451612903225","17.082580645161293",3477,"6.4",300,"8.63",8160,91,2055,16271
"2011-11","27.617666666666665","3.888279189753645","27.53","45.07","2.18","34.3","21.6","828.53","34.753499999999995","35.3343","24.460967741935484","21.812666666666665","18.426451612903225",3480,"6.2",274,"7.87",8160,91,2055,16271
"2011-12","28.6483870967742","3.4849314644377096","28.35","47.0","2.16","35.4","22.3","888.1","34.61",36196,"27.617666666666665","24.460967741935484","21.812666666666665",3220,"6.0",207,"6.43",8160,91,2055,16271
"2012-01","30.996129032258064","4.176465553087807","29.8","51.19","2.08","35.5","21.0","960.88","37.47",38202,"28.6483870967742","27.617666666666665","24.460967741935484",3072,"5.8",236,"7.68",8291,112,2065,16380
"2012-02","34.62103448275862","4.174489998642765","32.22","49.66","1.71","38.4","24.9","1004.01",39968,40408,"30.996129032258064","28.6483870967742","27.617666666666665",3223,"5.6",263,"8.16",8291,112,2065,16380
"2012-03","29.71677419354839","5.148008279646785","28.81","49.03","1.59","36.1","20.4","921.22",37985,38581,"34.62103448275862","30.996129032258064","28.6483870967742",3279,"5.9",250,"7.62",8291,112,2065,16380
"2012-04","24.57733333333333","4.551904439131878","24.56","55.23","1.52","32.9","17.3","737.32","30.2565","31.7495","29.71677419354839","34.62103448275862","30.996129032258064",3173,"5.7",239,"7.53",8291,112,2065,16380
"2012-05","24.15774193548387","3.5292385483532853","24.08","56.03","1.34","29.6","17.6","748.89","28.15","30.68","24.57733333333333","29.71677419354839","34.62103448275862",3368,"6.0",280,"8.31",8291,112,2065,16380
"2012-06","19.56533333333333","5.632004440959587","19.94","58.23","1.38","29.3","12.0","586.96",28646,"29.9567","24.15774193548387","24.57733333333333","29.71677419354839",3486,"6.4",307,"8.81",8291,112,2065,16380
"2012-07","17.646451612903224","5.168019961511434","18.28","58.77","1.98","30.2","11.0","547.04",28515,29656,"19.56533333333333","24.15774193548387","24.57733333333333",3476,"6.2",310,"8.92",8291,112,2065,16380
"2012-08","24.634838709677418","5.518564348915239","24.89","52.03","1.56","32.7","12.5","763.68",30805,31363,"17.646451612903224","19.56533333333333","24.15774193548387",3656,"6.5",312,"8.53",8291,112,2065,16380
"2012-09","22.680333333333333","4.157536143151277","22.79","57.17","2.18","31.4","15.0","680.41","28.61","30.6454","24.634838709677418","17.646451612903224","19.56533333333333",3281,"6.8",278,"8.47",8291,112,2065,16380
"2012-10","26.431612903225805","4.318380172220592","25.81","57.35","1.82","33.0","19.9","819.38",33375,35878,"22.680333333333333","24.634838709677418","17.646451612903224",3154,"6.2",283,"8.97",8291,112,2065,16380
"2012-11","28.919666666666668","3.450741532835629","28.74","45.57","2.18","34.4","22.4","867.59",35555,"35.7846","26.431612903225805","22.680333333333333","24.634838709677418",3471,"6.1",284,"8.18",8291,112,2065,16380
"2012-12","32.439032258064515","5.699267996762806","30.82","50.45","1.92","38.6","20.0","1005.61",42365,43129,"28.919666666666668","26.431612903225805","22.680333333333333",2837,"6.2",238,"8.39",8291,112,2065,16380
"2013-01","30.233870967741936","2.907549572428478","29.39","48.65","2.12","35.9","24.1","937.25",34635,35528,"32.439032258064515","28.919666666666668","26.431612903225805",3054,"5.9",254,"8.32",8391,83,2077,16442
"2013-02","31.42892857142857","3.559478050881757","29.47","54.89","2.09","37.4","25.6","880.01","36.6055","38.3709","30.233870967741936","32.439032258064515","28.919666666666668",2905,"6.1",242,"8.33",8391,83,2077,16442
"2013-03","26.003870967741936","3.4974597233033347","25.58","60.42","1.92","32.8","20.6","806.12","31.74","32.788000000000004","31.42892857142857","30.233870967741936","32.439032258064515",3361,"5.9",254,"7.56",8391,83,2077,16442
"2013-04","26.008333333333333","3.220057916948971","25.65","54.2","1.85","31.1","20.1","780.25",31296,"31.8023","26.003870967741936","31.42892857142857","30.233870967741936",3386,"5.9",267,"7.89",8391,83,2077,16442
"2013-05","21.315483870967743","4.384941534167191","21.42","60.42","1.42","30.3","14.8","660.78",28985,"31.98","26.008333333333333","26.003870967741936","31.42892857142857",3426,"6.5",309,"9.02",8391,83,2077,16442
"2013-06","18.363666666666667","2.3174517564942234","18.6","70.63","1.51","23.9","15.0","550.91","22.6285","23.4671","21.315483870967743","26.008333333333333","26.003870967741936",3189,"6.3",277,"8.69",8391,83,2077,16442
"2013-07","18.656451612903226","5.550075403924465","19.12","59.29","1.48","27.8","8.6","578.35","26.73",27525,"18.363666666666667","21.315483870967743","26.008333333333333",3331,"6.5",336,"10.09",8391,83,2077,16442
"2013-08","18.34967741935484","6.279893037237162","18.75","64.13","1.67","29.8","9.8","568.84",28365,"29.57","18.656451612903226","18.363666666666667","21.315483870967743",3581,"6.3",396,"11.06",8391,83,2077,16442
"2013-09","22.220666666666663","6.20219534732959","22.35","61.47","1.6","34.5","13.2","666.62",33983,"34.703700000000005","18.34967741935484","18.656451612903226","18.363666666666667",3394,"6.5",324,"9.55",8391,83,2077,16442
"2013-10","24.16354838709677","2.831388997632431","24.21","56.06","1.78","31.9","18.6","749.07","28.26",30002,"22.220666666666663","18.34967741935484","18.656451612903226",3471,"6.4",316,"9.1",8391,83,2077,16442
"2013-11",28173,"3.825679250033637","27.61","51.53","1.91","32.7","20.8","845.19","34.110499999999995","35.589800000000004","24.16354838709677","22.220666666666663","18.34967741935484",3375,"6.3",284,"8.41",8391,83,2077,16442
"2013-12","31.93483870967741","4.55466564522413","30.46","50.16","2.15","38.6","23.4","989.98","40.525000000000006",41356,28173,"24.16354838709677","22.220666666666663",3256,"6.3",281,"8.63",8391,83,2077,16442
"2014-01","35.18064516129032","5.551627950720925","32.41","50.9","1.95","37.5","23.3","1090.6",42615,43063,"31.93483870967741",28173,"24.16354838709677",3029,"6.3",266,"8.78",8435,31,2085,16501
"2014-02","34.642857142857146","6.702722419337373","31.83","52.11","1.99","40.2","22.0","970.0","42.8105","43.5545","35.18064516129032","31.93483870967741",28173,3042,"6.0",261,"8.58",8435,31,2085,16501
"2014-03","28.73516129032258","3.163165999403912","27.56","59.48","1.78","32.9","21.4","890.79","34.1",34628,"34.642857142857146","35.18064516129032","31.93483870967741",3129,"6.3",269,"8.6",8435,31,2085,16501
"2014-04","26.33566666666667","4.195242529944778","25.66","59.07","1.67","31.4","20.8","790.07","32.3415","33.3443","28.73516129032258","34.642857142857146","35.18064516129032",3000,"6.4",245,"8.17",8435,31,2085,16501
"2014-05","20.73709677419355","3.595292471689784","20.86","65.81","1.32","26.3","13.9","642.85",25375,26295,"26.33566666666667","28.73516129032258","34.642857142857146",3342,"6.3",261,"7.81",8435,31,2085,16501
"2014-06",19004,"3.500159208201624","19.17","71.67","1.34","29.0","13.4","570.12","23.7675","27.489300000000004","20.73709677419355","26.33566666666667","28.73516129032258",3445,"6.5",303,"8.8",8435,31,2085,16501
"2014-07","20.2083870967742","4.297930584807991","20.44","62.39","1.42","27.9","12.5","626.46","26.16","28.87",19004,"20.73709677419355","26.33566666666667",3543,"6.9",297,"8.38",8435,31,2085,16501
"2014-08","21.64903225806452","5.64712219030703","22.0","54.87","1.54","33.9","14.0","671.12","31.28",32329,"20.2083870967742",19004,"20.73709677419355",3590,"6.5",329,"9.16",8435,31,2085,16501
"2014-09","23.432333333333336","4.438610129878212","23.35","61.5","1.66","33.6","15.6","702.97","31.3565","33.4436","21.64903225806452","20.2083870967742",19004,3495,"6.7",327,"9.36",8435,31,2085,16501
"2014-10","26.620967741935484","4.737982239194732","26.08","56.84","1.81","36.6","20.5","825.25",34925,37553,"23.432333333333336","21.64903225806452","20.2083870967742",3669,"6.4",282,"7.69",8435,31,2085,16501
"2014-11","28.980666666666668","4.193038510915799","28.21","53.0","1.52","34.4","20.6","869.4200000000001",35043,"37.171800000000005","26.620967741935484","23.432333333333336","21.64903225806452",3594,"6.2",319,"8.88",8435,31,2085,16501
"2014-12","30.83806451612904","4.561906340814724","29.1","57.16","1.64","37.3","23.1","955.98","38.53",40844,"28.980666666666668","26.620967741935484","23.432333333333336",3180,"6.4",278,"8.74",8435,31,2085,16501
"2015-01","33.24322580645161","5.072488795516966","30.32","58.61","1.74","36.0","25.4","1030.54","41.3","42.903000000000006","30.83806451612904","28.980666666666668","26.620967741935484",3285,"6.6",268,"8.16",8502,34,2090,16540
"2015-02","31.97392857142857","3.4182812870903345","29.59","58.79","1.91","34.3","25.3","895.27","37.4715","39.2616","33.24322580645161","30.83806451612904","28.980666666666668",3051,"6.3",232,"7.6",8502,34,2090,16540
"2015-03","30.49451612903226","3.6600626940984498","28.85","57.16","1.69","34.2","24.5","945.33","36.91",37956,"31.97392857142857","33.24322580645161","30.83806451612904",3249,"6.2",244,"7.51",8502,34,2090,16540
"2015-04",26349,"3.09400683190294","26.1","55.73","1.42","32.0","19.7","790.47","31.5","31.9736","30.49451612903226","31.97392857142857","33.24322580645161",3297,"6.1",291,"8.83",8502,34,2090,16540
"2015-05","22.94935483870968","3.820229430705152","22.82","63.55","1.42","29.6","17.3","711.43","29.37",30383,26349,"30.49451612903226","31.97392857142857",3302,"6.5",268,"8.12",8502,34,2090,16540
"2015-06","20.287333333333333","4.597751274439409","20.42","64.87","1.33","28.4","13.3","608.62","28.1165","29.618700000000004","22.94935483870968",26349,"30.49451612903226",3445,"6.6",317,"9.2",8502,34,2090,16540
"2015-07","19.49387096774193","3.767537372006067","19.59","72.94","1.29","28.9","11.1","604.31",26885,28512,"20.287333333333333","22.94935483870968",26349,3518,"6.3",368,"10.46",8502,34,2090,16540
"2015-08","25.503870967741936","4.861440580335117","25.55","54.74","1.96","34.6","17.9","790.62",32065,33698,"19.49387096774193","20.287333333333333","22.94935483870968",3658,"6.4",351,"9.6",8502,34,2090,16540
"2015-09","21.174333333333333","3.0154586582376206","21.32","64.77","1.59","29.3","15.5","635.23",25843,"27.836700000000004","25.503870967741936","19.49387096774193","20.287333333333333",3428,"6.4",310,"9.04",8502,34,2090,16540
"2015-10","23.081612903225807","4.2207180248343175","22.76","69.29","1.63","30.7","16.3","715.53",30675,32338,"21.174333333333333","25.503870967741936","19.49387096774193",3582,"6.5",317,"8.85",8502,34,2090,16540
"2015-11","25.59466666666667","4.03487532032586","24.96","63.43","2.33","31.0","16.9","767.84","32.64","33.0046","23.081612903225807","21.174333333333333","25.503870967741936",3666,"6.5",314,"8.57",8502,34,2090,16540
"2015-12","30.544838709677418","4.644198438889639","28.38","63.32","1.75","35.0","22.9","946.89","38.38",38616,"25.59466666666667","23.081612903225807","21.174333333333333",3416,"6.2",270,"7.9",8502,34,2090,16540
"2016-01","33.58","3.922579083545246","31.48","52.42","1.79","38.4","25.3","1040.98",38595,42294,"30.544838709677418","25.59466666666667","23.081612903225807",3204,"6.2",278,"8.68",8554,46,2096,16596
"2016-02","34.40655172413793","4.100069055047444","31.0","57.41","1.82","35.3","25.8","997.79",41326,"41.9948","33.58","30.544838709677418","25.59466666666667",3030,"6.1",230,"7.59",8554,46,2096,16596
"2016-03","28.43516129032258","3.5881414603921264","27.25","62.19","2.01","34.4","22.0","881.49",35395,38204,"34.40655172413793","33.58","30.544838709677418",3255,"6.2",276,"8.48",8554,46,2096,16596
"2016-04","28.716666666666665","8.001752968863304","26.63","65.73","1.97","35.6","14.0","861.5",39165,"40.4028","28.43516129032258","34.40655172413793","33.58",3114,"6.2",272,"8.73",8554,46,2096,16596
"2016-05","18.590967741935486","2.898333262225849","18.76","72.68","1.66","24.2","13.9","576.32",23255,24443,"28.716666666666665","28.43516129032258","34.40655172413793",3235,"6.2",279,"8.62",8554,46,2096,16596
"2016-06","14.951666666666666","3.2064795211478017","15.59","67.07","1.57","21.8","9.0","448.55",19726,"21.1244","18.590967741935486","28.716666666666665","28.43516129032258",3267,"6.4",353,"10.81",8554,46,2096,16596
"2016-07","19.118387096774192","5.60045837217764","19.46","62.39","1.85","29.0","11.3","592.67","28.64",28923,"14.951666666666666","18.590967741935486","28.716666666666665",3459,"6.6",351,"10.15",8554,46,2096,16596
"2016-08","21.48548387096774","4.895826684507039","21.62","61.13","1.41","32.3","14.7","666.05","30.57",33465,"19.118387096774192","14.951666666666666","18.590967741935486",3514,"6.6",342,"9.73",8554,46,2096,16596
"2016-09","21.386333333333333","4.406286640020482","21.51","61.23","1.83","31.2","15.6","641.59","27.6795","31.582400000000003","21.48548387096774","19.118387096774192","14.951666666666666",3403,"6.7",307,"9.02",8554,46,2096,16596
"2016-10","24.476774193548387","3.660803543027836","24.16","63.0","1.98","32.3","16.9","758.78","30.72",32346,"21.386333333333333","21.48548387096774","19.118387096774192",3729,"6.5",335,"8.98",8554,46,2096,16596
"2016-11","27.462666666666667","4.780907382735923","26.74","55.83","1.79","34.7","21.0","823.88","36.001999999999995","37.9633","24.476774193548387","21.386333333333333","21.48548387096774",3498,"6.6",310,"8.86",8554,46,2096,16596
"2016-12","32.0158064516129","4.900725642999921","30.15","52.74","1.68","37.9","23.6","992.49",39375,41766,"27.462666666666667","24.476774193548387","21.386333333333333",3177,"6.5",293,"9.22",8554,46,2096,16596
"2017-01","34.053225806451614","3.7167937680181424","30.52","59.13","2.26","34.3","26.7","1055.65","39.5",40208,"32.0158064516129","27.462666666666667","24.476774193548387",3231,"6.2",277,"8.57",8589,28,2100,16655
"2017-02","35.42071428571428","3.882110850566306","31.45","58.11","1.65","36.1","25.7","991.78","41.5675","41.9863","34.053225806451614","32.0158064516129","27.462666666666667",2857,"6.2",250,"8.75",8589,28,2100,16655
"2017-03","30.03451612903225","4.797568021897262","28.1","60.71","1.84","34.8","22.7","931.07",40095,41092,"35.42071428571428","34.053225806451614","32.0158064516129",3234,"6.3",272,"8.41",8589,28,2100,16655
"2017-04",25515,"3.865002788061626","24.97","61.07","1.72","31.5","18.8","765.45","30.7025","33.688100000000006","30.03451612903225","35.42071428571428","34.053225806451614",3086,"6.4",248,"8.04",8589,28,2100,16655
"2017-05","22.614193548387096","3.2908395830380925","22.36","71.48","1.61","27.9","17.0","701.04","27.64",28986,25515,"30.03451612903225","35.42071428571428",3532,"6.2",301,"8.52",8589,28,2100,16655
"2017-06","21.236666666666668","4.508876558089827","21.27","66.83","1.24","28.2","12.1","637.1","27.7885","28.4379","22.614193548387096",25515,"30.03451612903225",3408,"6.4",324,"9.51",8589,28,2100,16655
"2017-07","22.87","5.459515240995914","23.07","53.13","1.39","30.1","8.5","708.97","28.11",29079,"21.236666666666668","22.614193548387096",25515,3461,"6.8",404,"11.67",8589,28,2100,16655
"2017-08","23.187096774193545","4.7666964056520245","23.06","62.29","1.41","33.8","17.5","718.8",32655,"35.041999999999994","22.87","21.236666666666668","22.614193548387096",3454,"6.5",312,"9.03",8589,28,2100,16655
"2017-09",26124,"5.584973435555631","25.48","64.87","1.58","34.6","16.6","783.72","35.28399999999999","36.4852","23.187096774193545","22.87","21.236666666666668",3596,"6.4",346,"9.62",8589,28,2100,16655
"2017-10","24.84903225806452","3.4003934623694256","24.55","62.52","1.96","30.7","19.7","770.32","30.27",31278,26124,"23.187096774193545","22.87",3328,"6.6",319,"9.59",8589,28,2100,16655
"2017-11","26.22","3.250948933083576","26.13","54.57","2.25","35.1","20.9","786.6","30.933499999999995","33.4457","24.84903225806452",26124,"23.187096774193545",3425,"6.7",335,"9.78",8589,28,2100,16655
"2017-12","31.676774193548383","4.70870568705582","29.56","57.94","2.22","35.5","22.0","981.98","37.78",39388,"26.22","24.84903225806452",26124,3282,"6.5",299,"9.11",8589,28,2100,16655
"2018-01","31.99290322580645","3.44966780386014","29.53","59.77","2.47","35.5","24.7","991.78","37.58",38165,"31.676774193548383","26.22","24.84903225806452",3245,"6.1",314,"9.68",8637,39,2102,16694
"2018-02","30.77928571428572","2.9609407020860528","29.24","55.61","2.0","35.4","24.6","861.82","36.000499999999995","38.6666","31.99290322580645","31.676774193548383","26.22",2894,"6.4",253,"8.74",8637,39,2102,16694
"2018-03","29.9383870967742","4.89306863278672","28.1","61.81","1.68","35.8","21.7","928.09",36965,40456,"30.77928571428572","31.99290322580645","31.676774193548383",3083,"6.2",272,"8.82",8637,39,2102,16694
"2018-04","29.73133333333333","3.316231485341127","28.27","60.4","1.58","33.1","21.6","891.94","34.680499999999995","35.3481","29.9383870967742","30.77928571428572","31.99290322580645",3057,"6.6",222,"7.26",8637,39,2102,16694
"2018-05","22.64290322580645","4.3309215289961775","22.53","63.97","1.78","28.6","14.4","701.93",28275,28916,"29.73133333333333","29.9383870967742","30.77928571428572",3122,"6.3",283,"9.06",8637,39,2102,16694
"2018-06","17.766333333333332","4.970967076752864","17.9","73.87","1.69","28.3","11.4","532.99","26.202999999999992","29.8825","22.64290322580645","29.73133333333333","29.9383870967742",3287,"6.5",325,"9.89",8637,39,2102,16694
"2018-07","18.41064516129032","5.135767995463367","18.49","74.81","1.9","29.7","12.4","570.73",29015,29735,"17.766333333333332","22.64290322580645","29.73133333333333",3366,"6.6",387,"11.5",8637,39,2102,16694
"2018-08","19.06225806451613","4.542885800661233","19.35","65.77","1.8","28.8","11.2","590.93",25265,28021,"18.41064516129032","17.766333333333332","22.64290322580645",3353,"6.8",328,"9.78",8637,39,2102,16694
"2018-09",24002,"4.137089931757378","23.61","66.77","2.26","32.7","17.4","720.06","31.384999999999987","34.7897","19.06225806451613","18.41064516129032","17.766333333333332",3391,"7.1",393,"11.59",8637,39,2102,16694
"2018-10","25.574838709677422","3.872390192949519","25.16","59.74","2.16","32.3","19.1","792.82",32435,33103,24002,"19.06225806451613","18.41064516129032",3351,"6.9",328,"9.79",8637,39,2102,16694
"2018-11",28943,"4.4520403303932765","27.98","56.0","2.14","34.3","21.0","868.29",36478,"37.5774","25.574838709677422",24002,"19.06225806451613",3116,"6.6",310,"9.95",8637,39,2102,16694
"2018-12","32.16548387096774","5.961071961042843","29.86","53.23","2.35","37.4","22.0","997.13","42.745000000000005","44.254000000000005",28943,"25.574838709677422",24002,3128,"6.5",272,"8.7",8637,39,2102,16694
"2019-01","36.18903225806452","5.728780181294389","31.75","60.39","2.16","38.0","24.4","1121.86","43.88",45843,"32.16548387096774",28943,"25.574838709677422",3100,"6.5",282,"9.1",8701,50,2106,16730
"2019-02","31.642857142857142","5.390944984943532","29.64","57.32","2.36","36.6","23.7","886.0","40.9275","42.69690000000001","36.18903225806452","32.16548387096774",28943,3104,"6.0",275,"8.86",8701,50,2106,16730
"2019-03","29.66354838709677","4.440198605458315","28.02","60.03","2.11","35.4","22.4","919.57","37.19",39186,"31.642857142857142","36.18903225806452","32.16548387096774",2867,"6.2",269,"9.38",8701,50,2106,16730
"2019-04","27.42","4.45633915009727","26.15","69.37","1.77","32.3","20.7","822.6",35785,"36.6657","29.66354838709677","31.642857142857142","36.18903225806452",3232,"6.2",300,"9.28",8701,50,2106,16730
"2019-05","23.02516129032258","3.838384965032161","22.45","77.71","1.4","29.6","16.6","713.78",30035,32793,"27.42","29.66354838709677","31.642857142857142",3209,"6.1",256,"7.98",8701,50,2106,16730
"2019-06",24384,"4.378211412484989","24.14","60.6","1.7","30.3","13.5","731.52","30.65",30991,"23.02516129032258","27.42","29.66354838709677",3239,"6.4",327,"10.1",8701,50,2106,16730
"2019-07","18.161612903225805","5.450476490958808","18.56","63.48","1.49","27.5","10.2","563.01","27.29",27489,24384,"23.02516129032258","27.42",3375,"6.4",357,"10.58",8701,50,2106,16730
"2019-08","21.238709677419354","5.905972537432191","21.63","53.71","1.69","32.7","13.4","658.4",28945,30933,"18.161612903225805",24384,"23.02516129032258",3610,"6.4",362,"10.03",8701,50,2106,16730
"2019-09","22.48333333333333","5.659855812305817","22.52","58.37","1.69","36.0","15.7","674.5",32879,"35.8712","21.238709677419354","18.161612903225805",24384,3518,"6.5",332,"9.44",8701,50,2106,16730
"2019-10","25.765483870967746","5.514092756268359","25.33","62.71","1.75","37.9","18.3","798.73","35.8","38.26199999999999","22.48333333333333","21.238709677419354","18.161612903225805",3623,"6.6",342,"9.44",8701,50,2106,16730
"2019-11",28225,"4.312394926256176","27.44","55.73","1.85","33.4","20.7","846.75",35056,"35.4581","25.765483870967746","22.48333333333333","21.238709677419354",3516,"6.4",325,"9.24",8701,50,2106,16730
"2019-12","32.12612903225806","4.772579789742899","31.59","39.77","2.12","38.7","24.6","995.91",38955,39528,28225,"25.765483870967746","22.48333333333333",3291,"6.2",294,"8.93",8701,50,2106,16730
"2020-01","32.736451612903224","4.141892923440598","30.88","51.32","2.33","37.7","24.5","1014.83","39.77",40182,"32.12612903225806",28225,"25.765483870967746",3243,"6.2",308,"9.5",8740,31,2108,16770
"2020-02","32.21310344827586","4.60753505796156","30.72","46.76","1.94","37.0","24.0","934.18",39036,"40.3776","32.736451612903224","32.12612903225806",28225,3142,"6.3",225,"7.16",8740,31,2108,16770
"2020-03","31.57225806451613","3.370636645776203","30.53","48.35","1.71","38.3","24.5","978.74","37.995000000000005",39023,"32.21310344827586","32.736451612903224","32.12612903225806",3324,"5.7",226,"6.8",8740,31,2108,16770
"2020-04","25.87833333333333","3.328923491039618","25.95","49.7","1.83","31.6","21.6","776.35","30.15","31.4044","31.57225806451613","32.21310344827586","32.736451612903224",2868,"5.8",246,"8.58",8740,31,2108,16770
"2020-05","21.916774193548385","3.74159982458197","22.27","54.35","1.54","30.5","16.4","679.42","28.61",29782,"25.87833333333333","31.57225806451613","32.21310344827586",2822,"5.7",305,"10.81",8740,31,2108,16770
"2020-06",20905,"5.565662429204818","21.02","65.0","1.54","30.5","12.7","627.15",30052,"30.4511","21.916774193548385","25.87833333333333","31.57225806451613",3016,"6.1",301,"9.98",8740,31,2108,16770
"2020-07","18.35032258064516","6.559921993373075","18.81","61.45","1.79","30.3","11.4","568.86",29465,30544,20905,"21.916774193548385","25.87833333333333",3047,"5.9",313,"10.27",8740,31,2108,16770
"2020-08","22.205483870967743","5.775604925725488","22.5","55.29","1.3","30.7","11.7","688.37","29.87","31.11","18.35032258064516",20905,"21.916774193548385",3149,"5.8",325,"10.32",8740,31,2108,16770
"2020-09",21738,"4.401809502528675","21.63","67.93","1.83","29.0","14.6","652.14","28.1745","28.5559","22.205483870967743","18.35032258064516",20905,2992,"6.0",302,"10.09",8740,31,2108,16770
"2020-10","24.590967741935486","4.130425607479784","24.42","60.0","1.8","33.2","14.4","762.32",31275,31978,21738,"22.205483870967743","18.35032258064516",3308,"6.0",343,"10.37",8740,31,2108,16770
"2020-11","27.6","4.39429175180711","26.96","53.63","2.07","37.2","21.9","828.0","35.413999999999994","37.3434","24.590967741935486",21738,"22.205483870967743",3061,"6.1",273,"8.92",8740,31,2108,16770
"2020-12","30.72967741935484","4.555613741214216","29.23","52.87","2.09","37.4","20.0","952.62","37.85",39465,"27.6","24.590967741935486",21738,2924,"6.3",282,"9.64",8740,31,2108,16770
"2021-01","32.06935483870968","4.0983776753603935","30.06","54.29","1.95","37.2","24.0","994.15",37325,39573,"30.72967741935484","27.6","24.590967741935486",2773,"6.0",301,"10.85",8799,53,2114,16800
"2021-02","31.35","2.547619077288236","29.84","52.14","1.99","33.8","26.2","877.8",35144,"37.5738","32.06935483870968","30.72967741935484","27.6",2568,"6.2",268,"10.44",8799,53,2114,16800
"2021-03","29.700645161290325","3.583813551217819","28.37","58.61","1.54","33.8","23.6","920.72","35.59",36611,"31.35","32.06935483870968","30.72967741935484",2287,"6.1",250,"10.93",8799,53,2114,16800
"2021-04","27.461666666666662","3.7061552560044193","27.16","50.77","1.72","34.5","20.8","823.85",34198,"34.6724","29.700645161290325","31.35","32.06935483870968",2196,"5.7",271,"12.34",8799,53,2114,16800
"2021-05","20.16032258064516","4.318889891218936","20.59","55.39","1.55","31.9","15.1","624.97","28.43",31455,"27.461666666666662","29.700645161290325","31.35",2505,"6.0",302,"12.06",8799,53,2114,16800
"2021-06","17.94333333333333","4.983364971260044","18.26","68.23","1.84","31.0","9.2","538.3","26.618999999999986","30.789500000000004","20.16032258064516","27.461666666666662","29.700645161290325",2922,"6.1",362,"12.39",8799,53,2114,16800
"2021-07","19.008064516129032","4.983480322930176","19.55","56.03","1.42","27.7","10.4","589.25","26.88",27182,"17.94333333333333","20.16032258064516","27.461666666666662",3147,"6.2",390,"12.39",8799,53,2114,16800
"2021-08","21.6658064516129","5.332072626533107","21.83","61.26","1.65","34.4","14.2","671.64","30.21",33512,"19.008064516129032","17.94333333333333","20.16032258064516",3327,"6.5",382,"11.48",8799,53,2114,16800
"2021-09",22696,"3.651673777777849","22.66","62.93","1.86","30.0","17.4","680.88",30262,"30.8436","21.6658064516129","19.008064516129032","17.94333333333333",3362,"6.5",377,"11.21",8799,53,2114,16800
"2021-10","25.07451612903225","4.095729351987407","25.05","53.42","1.95","33.3","18.5","777.31","31.895000000000003","32.2",22696,"21.6658064516129","19.008064516129032",3381,"6.6",353,"10.44",8799,53,2114,16800
"2021-11","27.671666666666667","4.259464174925205","27.44","50.9","1.86","35.8","18.5","830.15","34.0725","36.4573","25.07451612903225",22696,"21.6658064516129",3325,"6.8",310,"9.32",8799,53,2114,16800
"2021-12","29.52806451612903","3.628355384426796","28.63","52.19","2.04","34.6","24.4","915.37","35.6","37.33","27.671666666666667","25.07451612903225",22696,3272,"6.8",313,"9.57",8799,53,2114,16800
"2022-01","35.600967741935484","6.870095756168521","32.41","49.77","1.68","39.7","24.7","1103.63","44.73","45.812000000000005","29.52806451612903","27.671666666666667","25.07451612903225",3064,"6.4",321,"10.48",8829,28,2119,16809
"2022-02","32.89178571428572","4.151157851483911","30.99","50.14","1.8","36.5","25.4","920.97","40.44","40.9738","35.600967741935484","29.52806451612903","27.671666666666667",2787,"6.3",286,"10.26",8829,28,2119,16809
"2022-03","29.406451612903226","5.946023067780736","27.61","61.23","1.69","36.3","20.5","911.6",39365,41359,"32.89178571428572","35.600967741935484","29.52806451612903",2957,"6.3",293,"9.91",8829,28,2119,16809
"2022-04","24.813333333333333","3.605429175594757","24.43","62.6","1.36","33.8","20.3","744.4","29.7355","35.0061","29.406451612903226","32.89178571428572","35.600967741935484",3117,"6.6",312,"10.01",8829,28,2119,16809
"2022-05","19.5841935483871","3.5642182632320623","19.81","66.97","1.37","28.4","13.0","607.11",25095,27448,"24.813333333333333","29.406451612903226","32.89178571428572",3112,"6.7",309,"9.93",8829,28,2119,16809
"2022-06","17.10533333333333","3.426842050165372","17.41","72.57","1.12","23.7","11.7","513.16","22.2055","23.2468","19.5841935483871","24.813333333333333","29.406451612903226",3426,"6.6",390,"11.38",8829,28,2119,16809
"2022-07","21.78258064516129","4.5646649878838765","21.66","69.26","1.18","29.8","15.1","675.26","28.5",29637,"17.10533333333333","19.5841935483871","24.813333333333333",3538,"6.6",401,"11.33",8829,28,2119,16809
"2022-08","20.32451612903226","4.679402980943671","20.67","60.19","1.51","31.5","13.8","630.0600000000001",28375,29872,"21.78258064516129","17.10533333333333","19.5841935483871",3512,"6.9",381,"10.85",8829,28,2119,16809
"2022-09","21.319333333333336","3.5051508239804137","21.63","54.5","1.93","28.0","15.8","639.58",27688,"29.0641","20.32451612903226","21.78258064516129","17.10533333333333",3663,"6.6",368,"10.05",8829,28,2119,16809
"2022-10","24.30258064516129","4.228274642405917","24.34","56.19","2.06","34.0","16.3","753.38","32.85","34.181999999999995","21.319333333333336","20.32451612903226","21.78258064516129",3722,"7.1",356,"9.56",8829,28,2119,16809
"2022-11","26.49866666666667","3.936470266738915","26.36","48.93","2.16","31.9","18.8","794.96","31.3455","31.6956","24.30258064516129","21.319333333333336","20.32451612903226",3555,"7.1",303,"8.52",8829,28,2119,16809
"2022-12","31.088387096774195","4.432102658839776","29.96","49.06","1.9","36.0","23.4","963.74","38.05",39582,"26.49866666666667","24.30258064516129","21.319333333333336",3512,"7.0",288,"8.2",8829,28,2119,16809
"2023-01","34.364838709677414","3.679634828772864","32.48","46.48","1.84","37.7","26.2","1065.31","39.870000000000005",41042,"31.088387096774195","26.49866666666667","24.30258064516129",3516,"6.9",294,"8.36",8843,12,2133,16874
"2023-02","31.922857142857143","4.405428349411547","30.65","49.36","1.69","38.1","22.7","893.84",38143,"40.3628","34.364838709677414","31.088387096774195","26.49866666666667",3100,"6.6",270,"8.71",8843,12,2133,16874
"2023-03","33.54032258064516","3.3894301230649053","30.88","55.48","1.67","34.8","26.3","1039.75",37685,38008,"31.922857142857143","34.364838709677414","31.088387096774195",3237,"7.1",276,"8.53",8843,12,2133,16874
"2023-04","25.713666666666665","3.653115329303936","25.56","53.97","1.51","32.6","19.4","771.41",33254,"33.4959","33.54032258064516","31.922857142857143","34.364838709677414",3244,"6.8",248,"7.64",8843,12,2133,16874
"2023-05","23.17419354838709","3.011812050569721","23.12","62.0","1.28","29.1","19.1","718.4","28.8",29807,"25.713666666666665","33.54032258064516","31.922857142857143",3322,"7.0",337,"10.14",8843,12,2133,16874
"2023-06",21014,"5.171620569061968","21.16","61.97","1.62","28.6","13.5","630.42","28.28","29.1915","23.17419354838709","25.713666666666665","33.54032258064516",3374,"6.8",338,"10.02",8843,12,2133,16874
"2023-07","19.76967741935484","4.713359370888219","20.0","65.06","1.63","29.1","12.8","612.86","28.41",28929,21014,"23.17419354838709","25.713666666666665",3754,"6.8",364,"9.7",8843,12,2133,16874
"2023-08","22.680967741935483","5.464467253593107","22.86","52.13","1.62","32.3","15.2","703.11",31335,33002,"19.76967741935484",21014,"23.17419354838709",3768,"6.9",344,"9.13",8843,12,2133,16874
"2023-09",23058,"5.5597515449325","22.7","69.97","1.69","34.9","15.6","691.74","33.459999999999994","36.6514","22.680967741935483","19.76967741935484",21014,3606,"6.9",329,"9.12",8843,12,2133,16874
"2023-10","23.510645161290324","3.7879897355403607","23.3","63.58","1.84","31.6","16.9","728.83",29465,32166,23058,"22.680967741935483","19.76967741935484",3697,"7.5",341,"9.22",8843,12,2133,16874
"2023-11",26595,"3.669000380635501","25.96","61.17","1.65","33.5","19.9","797.85",31954,"34.2029","23.510645161290324",23058,"22.680967741935483",3543,"7.3",342,"9.65",8843,12,2133,16874
"2023-12","32.380645161290325","6.370596484623121","29.62","58.16","1.8","37.9","21.1","1003.8","42.35",44738,26595,"23.510645161290324",23058,3424,"7.2",270,"7.89",8843,12,2133,16874
