date,heat_index,standard_deviation,mean_temperature,mean_humidity,mean_wind_speed,max_temperature,min_temperature,sum_heat_index,percentil_95,percentil_99,lag_heat_index_1,lag_heat_index_2,lag_heat_index_3,date,hospitalizations_moving_avg_3,deaths_moving_avg_3,hospitalizations_lag_3,average_stay_lag_3,deaths_lag_3,mortality_rate_lag_3,hospitalizations_lag_6,average_stay_lag_6,deaths_lag_6,mortality_rate_lag_6,hospitalizations_lag_12,average_stay_lag_12,deaths_lag_12,mortality_rate_lag_12
2000-12,30.07967741935484,4.615564598089791,28.94,51.32,2.0,35.4,22.2,932.47,38.025,38.552,26.305666666666664,23.42774193548387,21.801111111111112,2000-12,4327.666666666667,258.3333333333333,4365.0,6.4,293.0,6.71,4370.0,5.9,255.0,5.84,4163.0,5.7,209.0,5.02
2001-01,31.90774193548387,4.864888289006863,29.69,59.1,2.19,35.4,21.4,989.14,38.78,39.59,30.07967741935484,26.305666666666664,23.42774193548387,2001-01,4209.0,239.33333333333334,4388.0,6.3,275.0,6.27,4256.0,6.0,273.0,6.41,4048.0,5.8,220.0,5.43
2001-02,32.95964285714286,3.8894315324353834,30.08,60.14,2.33,34.2,23.5,922.87,38.625,38.803,31.90774193548387,30.07967741935484,26.305666666666664,2001-02,4062.0,225.66666666666666,4329.0,6.1,258.0,5.96,4290.0,5.8,315.0,7.34,4144.0,5.6,219.0,5.28
2001-03,32.071290322580644,3.5858078977505,29.82,56.61,2.21,34.4,25.1,994.21,37.065,37.74,32.95964285714286,31.90774193548387,30.07967741935484,2001-03,3859.3333333333335,203.66666666666666,4266.0,6.1,242.0,5.67,4365.0,6.4,293.0,6.71,3953.0,5.8,209.0,5.29
2001-04,25.963666666666665,3.3071057075514743,25.37,64.77,1.68,30.8,19.3,778.91,30.751,32.1117,32.071290322580644,32.95964285714286,31.90774193548387,2001-04,3856.0,216.33333333333334,4032.0,5.9,218.0,5.41,4388.0,6.3,275.0,6.27,4420.0,5.9,215.0,4.86
2001-05,19.17,3.650522337054429,19.17,75.87,1.64,27.3,12.9,594.27,23.4,27.482,25.963666666666665,32.071290322580644,32.95964285714286,2001-05,4004.0,234.0,3888.0,5.8,217.0,5.58,4329.0,6.1,258.0,5.96,4353.0,5.9,236.0,5.42
2001-06,19.826666666666664,5.83344361143708,20.0,66.37,1.83,28.9,10.7,594.8,27.5695,28.9732,19.17,25.963666666666665,32.071290322580644,2001-06,4185.0,265.3333333333333,3658.0,5.8,176.0,4.81,4266.0,6.1,242.0,5.67,4370.0,5.9,255.0,5.84
2001-07,18.325483870967744,4.798970610946808,18.65,67.71,1.68,30.2,11.7,568.09,25.11,28.61,19.826666666666664,19.17,25.963666666666665,2001-07,4296.333333333333,278.3333333333333,4022.0,5.8,256.0,6.36,4032.0,5.9,218.0,5.41,4256.0,6.0,273.0,6.41
2001-08,24.063870967741934,4.512320672277445,24.4,52.39,1.61,30.7,17.2,745.98,29.845,30.76,18.325483870967744,19.826666666666664,19.17,2001-08,4396.333333333333,294.6666666666667,4332.0,6.2,270.0,6.23,3888.0,5.8,217.0,5.58,4290.0,5.8,315.0,7.34
2001-09,21.55933333333333,4.368539512384474,21.75,57.87,2.6,28.4,15.0,646.78,28.0565,28.4204,24.063870967741934,18.325483870967744,19.826666666666664,2001-09,4307.666666666667,283.6666666666667,4201.0,5.8,270.0,6.43,3658.0,5.8,176.0,4.81,4365.0,6.4,293.0,6.71
2001-10,26.381290322580647,4.024257895923571,26.25,51.61,2.47,35.3,21.8,817.82,33.760000000000005,35.94,21.55933333333333,24.063870967741934,18.325483870967744,2001-10,4188.666666666667,287.3333333333333,4356.0,5.8,295.0,6.77,4022.0,5.8,256.0,6.36,4388.0,6.3,275.0,6.27
2001-11,26.869,4.247820820625316,26.62,52.67,2.59,34.6,19.6,806.0699999999999,33.8265,35.4874,26.381290322580647,21.55933333333333,24.063870967741934,2001-11,4015.6666666666665,261.6666666666667,4632.0,6.1,319.0,6.89,4332.0,6.2,270.0,6.23,4329.0,6.1,258.0,5.96
2001-12,28.60967741935484,3.899265301627104,28.02,51.35,2.44,35.3,20.0,886.9,34.86,36.013,26.869,26.381290322580647,21.55933333333333,2001-12,4086.3333333333335,264.6666666666667,3935.0,6.3,237.0,6.02,4201.0,5.8,270.0,6.43,4266.0,6.1,242.0,5.67
2002-01,30.64516129032258,2.613519811758009,29.9,47.65,2.46,35.2,26.0,950.0,34.295,36.186,28.60967741935484,26.869,26.381290322580647,2002-01,4170.333333333333,244.66666666666666,3999.0,6.0,306.0,7.65,4356.0,5.8,295.0,6.77,4032.0,5.9,218.0,5.41
2002-02,30.171071428571427,2.746355617886034,29.61,46.46,2.28,35.2,25.3,844.79,35.0145,36.1765,30.64516129032258,28.60967741935484,26.869,2002-02,4151.0,244.66666666666666,4113.0,6.1,242.0,5.88,4632.0,6.1,319.0,6.89,3888.0,5.8,217.0,5.58
2002-03,33.097096774193545,4.891838232231579,30.67,55.45,2.46,37.3,21.7,1026.01,40.42,40.667,30.171071428571427,30.64516129032258,28.60967741935484,2002-03,4018.3333333333335,241.33333333333334,4147.0,6.0,246.0,5.93,3935.0,6.3,237.0,6.02,3658.0,5.8,176.0,4.81
2002-04,25.348666666666663,4.233232834357809,24.89,61.23,2.13,31.2,19.5,760.46,32.067499999999995,32.4665,33.097096774193545,30.171071428571427,30.64516129032258,2002-04,3963.6666666666665,242.66666666666666,4251.0,5.8,246.0,5.79,3999.0,6.0,306.0,7.65,4022.0,5.8,256.0,6.36
2002-05,23.40774193548387,3.903935373165066,23.36,61.81,1.45,32.4,17.5,725.64,30.56,31.926,25.348666666666663,33.097096774193545,30.171071428571427,2002-05,3987.0,244.66666666666666,4055.0,5.9,242.0,5.97,4113.0,6.1,242.0,5.88,4332.0,6.2,270.0,6.23
2002-06,18.02433333333333,6.307107475907136,18.38,68.03,1.3,30.1,11.1,540.73,29.091999999999995,30.18,23.40774193548387,25.348666666666663,33.097096774193545,2002-06,4135.0,268.0,3749.0,5.7,236.0,6.3,4147.0,6.0,246.0,5.93,4201.0,5.8,270.0,6.43
2002-07,18.18967741935484,4.489564554884261,18.61,63.68,1.66,28.3,11.4,563.88,24.475,27.199,18.02433333333333,23.40774193548387,25.348666666666663,2002-07,4292.0,293.0,4087.0,5.7,250.0,6.12,4251.0,5.8,246.0,5.79,4356.0,5.8,295.0,6.77
2002-08,21.03451612903226,6.247564772885341,21.33,60.77,1.95,32.7,12.1,652.07,30.950000000000003,33.198,18.18967741935484,18.02433333333333,23.40774193548387,2002-08,4506.333333333333,328.3333333333333,4125.0,6.0,248.0,6.01,4055.0,5.9,242.0,5.97,4632.0,6.1,319.0,6.89
2002-09,20.037333333333333,4.459631910999965,20.45,57.53,1.97,30.9,10.8,601.12,26.955,28.9573,21.03451612903226,18.18967741935484,18.02433333333333,2002-09,4539.0,331.3333333333333,4193.0,6.0,306.0,7.3,3749.0,5.7,236.0,6.3,3935.0,6.3,237.0,6.02
2002-10,24.911290322580644,4.647867426347617,24.27,67.26,1.75,32.0,17.7,772.25,33.005,34.235,20.037333333333333,21.03451612903226,18.18967741935484,2002-10,4385.666666666667,316.6666666666667,4558.0,6.0,325.0,7.13,4087.0,5.7,250.0,6.12,3999.0,6.0,306.0,7.65
2002-11,27.74566666666667,4.509908389109572,27.29,52.5,2.38,35.1,20.1,832.37,33.9225,36.4443,24.911290322580644,20.037333333333333,21.03451612903226,2002-11,4251.666666666667,294.6666666666667,4768.0,6.2,354.0,7.42,4125.0,6.0,248.0,6.01,4113.0,6.1,242.0,5.88
2002-12,27.240645161290324,4.786368098035553,26.49,60.74,1.88,34.3,21.6,844.46,36.07,37.907,27.74566666666667,24.911290322580644,20.037333333333333,2002-12,4196.666666666667,284.3333333333333,4291.0,6.1,315.0,7.34,4193.0,6.0,306.0,7.3,4147.0,6.0,246.0,5.93
2003-01,31.24903225806452,2.6380123260246653,30.42,47.55,2.18,36.2,24.7,968.72,35.6,36.209,27.240645161290324,27.74566666666667,24.911290322580644,2003-01,4246.0,285.3333333333333,4098.0,6.1,281.0,6.86,4558.0,6.0,325.0,7.13,4251.0,5.8,246.0,5.79
2003-02,32.73107142857143,5.426731052911589,30.53,53.21,2.05,37.5,22.4,916.47,39.7645,39.883,31.24903225806452,27.240645161290324,27.74566666666667,2003-02,4118.333333333333,275.6666666666667,4366.0,6.2,288.0,6.6,4768.0,6.2,354.0,7.42,4055.0,5.9,242.0,5.97
2003-03,29.251290322580644,5.460123162185684,27.89,57.84,2.05,34.2,18.0,906.79,37.285,40.407,32.73107142857143,31.24903225806452,27.240645161290324,2003-03,4025.6666666666665,256.3333333333333,4126.0,6.0,284.0,6.88,4291.0,6.1,315.0,7.34,3749.0,5.7,236.0,6.3
2003-04,24.675,3.542832249038556,24.59,56.63,1.86,30.8,19.8,740.25,30.534499999999998,31.725700000000003,29.251290322580644,32.73107142857143,31.24903225806452,2003-04,3903.0,247.66666666666666,4246.0,5.9,284.0,6.69,4098.0,6.1,281.0,6.86,4087.0,5.7,250.0,6.12
2003-05,21.37258064516129,5.559432805446933,21.66,56.97,2.01,30.2,10.9,662.55,29.015,29.501,24.675,29.251290322580644,32.73107142857143,2003-05,3950.6666666666665,256.0,3983.0,5.7,259.0,6.5,4366.0,6.2,288.0,6.6,4125.0,6.0,248.0,6.01
2003-06,20.454666666666665,3.741110597903666,20.47,69.67,1.5,27.3,13.9,613.64,27.4265,27.6317,21.37258064516129,24.675,29.251290322580644,2003-06,4048.6666666666665,299.3333333333333,3848.0,5.7,226.0,5.87,4126.0,6.0,284.0,6.88,4193.0,6.0,306.0,7.3
2003-07,18.94677419354839,4.971932144278704,19.33,62.84,1.67,30.3,12.3,587.35,26.58,28.838,20.454666666666665,21.37258064516129,24.675,2003-07,4088.3333333333335,313.6666666666667,3878.0,5.9,258.0,6.65,4246.0,5.9,284.0,6.69,4558.0,6.0,325.0,7.13
2003-08,18.753225806451614,4.850212632518822,19.49,50.9,1.75,29.9,13.4,581.35,27.525,28.581,18.94677419354839,20.454666666666665,21.37258064516129,2003-08,4060.0,329.6666666666667,4126.0,5.8,284.0,6.88,3983.0,5.7,259.0,6.5,4768.0,6.2,354.0,7.42
2003-09,20.738333333333333,4.620492646769452,21.24,54.77,2.26,33.8,14.2,622.15,29.257,31.625400000000003,18.753225806451614,18.94677419354839,20.454666666666665,2003-09,4093.3333333333335,324.3333333333333,4142.0,6.2,356.0,8.59,3848.0,5.7,226.0,5.87,4291.0,6.1,315.0,7.34
2003-10,25.36354838709677,4.811911296208673,25.47,50.1,2.12,35.0,17.7,786.27,33.165,34.651,20.738333333333333,18.753225806451614,18.94677419354839,2003-10,4151.666666666667,338.0,3997.0,6.0,301.0,7.53,3878.0,5.9,258.0,6.65,4098.0,6.1,281.0,6.86
2003-11,27.287333333333333,4.18408720596577,27.19,49.0,2.18,35.1,20.4,818.62,33.8955,36.0183,25.36354838709677,20.738333333333333,18.753225806451614,2003-11,4165.0,330.3333333333333,4041.0,6.1,332.0,8.22,4126.0,5.8,284.0,6.88,4366.0,6.2,288.0,6.6
2003-12,27.490322580645163,2.9322488342237354,27.12,52.19,2.41,31.8,21.0,852.2,31.155,31.888,27.287333333333333,25.36354838709677,20.738333333333333,2003-12,4219.0,313.0,4242.0,6.3,340.0,8.02,4142.0,6.2,356.0,8.59,4126.0,6.0,284.0,6.88
2004-01,31.260322580645163,3.3996465344414526,30.14,48.81,2.35,34.7,23.3,969.07,36.17,37.358,27.490322580645163,27.287333333333333,25.36354838709677,2004-01,4218.333333333333,290.6666666666667,4172.0,6.0,342.0,8.2,3997.0,6.0,301.0,7.53,4246.0,5.9,284.0,6.69
2004-02,29.21586206896552,2.64699629936783,28.57,49.1,2.3,32.8,21.7,847.26,33.382,33.846000000000004,31.260322580645163,27.490322580645163,27.287333333333333,2004-02,4078.0,271.3333333333333,4081.0,6.0,309.0,7.57,4041.0,6.1,332.0,8.22,3983.0,5.7,259.0,6.5
2004-03,28.74903225806452,2.971553302947478,28.32,49.45,2.61,34.3,23.1,891.22,33.285,34.658,29.21586206896552,31.260322580645163,27.490322580645163,2004-03,3938.3333333333335,258.6666666666667,4404.0,6.3,288.0,6.54,4242.0,6.3,340.0,8.02,3848.0,5.7,226.0,5.87
2004-04,26.774,6.201976659320687,26.41,54.8,1.76,33.9,15.1,803.22,34.053999999999995,35.2926,28.74903225806452,29.21586206896552,31.260322580645163,2004-04,3733.0,247.66666666666666,4170.0,6.0,275.0,6.59,4172.0,6.0,342.0,8.2,3878.0,5.9,258.0,6.65
2004-05,18.977741935483877,2.762788096202119,19.26,66.29,1.93,25.4,15.1,588.3100000000001,23.5,24.965,26.774,28.74903225806452,29.21586206896552,2004-05,3793.0,251.66666666666666,3660.0,5.8,251.0,6.86,4081.0,6.0,309.0,7.57,4126.0,5.8,284.0,6.88
2004-06,20.654,4.588519857509458,20.88,61.5,1.47,29.0,11.2,619.62,28.0875,29.1253,18.977741935483877,26.774,28.74903225806452,2004-06,3804.6666666666665,282.6666666666667,3985.0,6.5,250.0,6.27,4404.0,6.3,288.0,6.54,4142.0,6.2,356.0,8.59
2004-07,18.330645161290324,4.772640034951913,18.84,58.0,1.66,28.8,11.4,568.25,26.295,29.013,20.654,18.977741935483877,26.774,2004-07,3984.3333333333335,316.6666666666667,3554.0,6.0,242.0,6.81,4170.0,6.0,275.0,6.59,3997.0,6.0,301.0,7.53
2004-08,20.2558064516129,4.700636676163168,20.71,56.26,1.51,30.8,11.4,627.93,27.61,30.036,18.330645161290324,20.654,18.977741935483877,2004-08,4070.3333333333335,355.3333333333333,3840.0,6.1,263.0,6.85,3660.0,5.8,251.0,6.86,4041.0,6.1,332.0,8.22
2004-09,23.12366666666667,5.578870534147715,23.29,59.97,2.12,36.4,14.7,693.71,34.285,34.992799999999995,20.2558064516129,18.330645161290324,20.654,2004-09,4077.0,352.0,4020.0,6.3,343.0,8.53,3985.0,6.5,250.0,6.27,4242.0,6.3,340.0,8.02
2004-10,23.921935483870968,3.3356153049123614,24.23,48.77,1.77,31.3,18.9,741.58,28.605,29.967,23.12366666666667,20.2558064516129,18.330645161290324,2004-10,4041.3333333333335,336.6666666666667,4093.0,6.4,344.0,8.4,3554.0,6.0,242.0,6.81,4172.0,6.0,342.0,8.2
2004-11,25.90533333333333,4.005855828601453,25.71,54.0,1.85,33.2,18.1,777.16,32.7215,33.613200000000006,23.921935483870968,23.12366666666667,20.2558064516129,2004-11,4037.6666666666665,313.3333333333333,4098.0,6.2,379.0,9.25,3840.0,6.1,263.0,6.85,4081.0,6.0,309.0,7.57
2004-12,28.850645161290323,3.5656723867866043,28.48,47.26,2.7,35.0,23.1,894.37,34.370000000000005,36.573,25.90533333333333,23.921935483870968,23.12366666666667,2004-12,4039.0,285.0,4040.0,6.4,333.0,8.24,4020.0,6.3,343.0,8.53,4404.0,6.3,288.0,6.54
2005-01,32.43645161290323,4.087191821929489,31.48,44.0,2.15,39.0,22.8,1005.53,38.36,40.452,28.850645161290323,25.90533333333333,23.921935483870968,2005-01,4009.6666666666665,268.6666666666667,3986.0,6.5,298.0,7.48,4093.0,6.4,344.0,8.4,4170.0,6.0,275.0,6.59
2005-02,30.31,3.44572735964949,29.69,48.25,2.12,34.0,22.0,848.6800000000001,34.8885,35.2528,32.43645161290323,28.850645161290323,25.90533333333333,2005-02,3878.0,245.33333333333334,4087.0,6.5,309.0,7.56,4098.0,6.2,379.0,9.25,3660.0,5.8,251.0,6.86
2005-03,29.61096774193549,3.8321128678912975,29.38,46.81,1.9,37.3,20.6,917.94,36.120000000000005,37.279,30.31,32.43645161290323,28.850645161290323,2005-03,3711.0,243.33333333333334,4044.0,6.2,248.0,6.13,4040.0,6.4,333.0,8.24,3985.0,6.5,250.0,6.27
2005-04,25.633333333333333,5.297477821035953,24.94,62.87,1.46,35.2,18.5,769.0,36.95499999999999,38.8259,29.61096774193549,30.31,32.43645161290323,2005-04,3731.3333333333335,248.0,3898.0,6.0,249.0,6.39,3986.0,6.5,298.0,7.48,3554.0,6.0,242.0,6.81
2005-05,22.741935483870968,3.881742237153173,22.62,66.65,1.18,30.8,16.8,705.0,29.485,31.626,25.633333333333333,29.61096774193549,30.31,2005-05,3781.3333333333335,261.6666666666667,3692.0,5.8,239.0,6.47,4087.0,6.5,309.0,7.56,3840.0,6.1,263.0,6.85
2005-06,22.61233333333333,4.904286431510588,22.43,65.7,1.29,28.9,13.8,678.37,29.5375,29.7139,22.741935483870968,25.633333333333333,29.61096774193549,2005-06,3932.6666666666665,267.6666666666667,3543.0,6.2,242.0,6.83,4044.0,6.2,248.0,6.13,4020.0,6.3,343.0,8.53
2005-07,19.662258064516127,6.321529197737637,20.15,54.74,1.73,31.7,12.2,609.53,29.825,30.834,22.61233333333333,22.741935483870968,25.633333333333333,2005-07,3974.6666666666665,283.0,3959.0,5.9,263.0,6.64,3898.0,6.0,249.0,6.39,4093.0,6.4,344.0,8.4
2005-08,21.958064516129035,5.670394118786241,22.39,56.61,1.9,30.6,12.8,680.7,29.64,29.697,19.662258064516127,22.61233333333333,22.741935483870968,2005-08,4114.333333333333,317.0,3842.0,6.0,280.0,7.29,3692.0,5.8,239.0,6.47,4098.0,6.2,379.0,9.25
2005-09,19.363666666666667,4.421886384271118,19.68,61.13,2.55,27.1,13.1,580.91,27.247,27.6723,21.958064516129035,19.662258064516127,22.61233333333333,2005-09,3964.6666666666665,335.0,3997.0,6.3,260.0,6.5,3543.0,6.2,242.0,6.83,4040.0,6.4,333.0,8.24
2005-10,23.642258064516128,4.65321086969519,23.46,61.16,1.97,32.3,16.7,732.91,31.62,33.182,19.363666666666667,21.958064516129035,19.662258064516127,2005-10,3777.3333333333335,333.6666666666667,4085.0,6.2,309.0,7.56,3959.0,5.9,263.0,6.64,3986.0,6.5,298.0,7.48
2005-11,27.784,5.21062151299863,27.93,45.1,2.29,36.6,18.0,833.52,35.0485,36.5284,23.642258064516128,19.363666666666667,21.958064516129035,2005-11,3479.3333333333335,286.6666666666667,4261.0,6.4,382.0,8.97,3842.0,6.0,280.0,7.29,4087.0,6.5,309.0,7.56
2005-12,28.590967741935486,3.2161906606405357,28.53,44.58,2.21,34.9,24.1,886.32,34.28,35.009,27.784,23.642258064516128,19.363666666666667,2005-12,3517.0,281.6666666666667,3548.0,6.4,314.0,8.85,3997.0,6.3,260.0,6.5,4044.0,6.2,248.0,6.13
2006-01,32.64774193548387,5.71579548833897,30.72,53.16,2.06,38.1,21.9,1012.08,41.44,42.306,28.590967741935486,27.784,23.642258064516128,2006-01,3521.6666666666665,272.0,3523.0,6.5,305.0,8.66,4085.0,6.2,309.0,7.56,3898.0,6.0,249.0,6.39
2006-02,30.40964285714286,3.290723754842971,29.26,52.89,2.12,34.5,21.8,851.47,35.286500000000004,36.9265,32.64774193548387,28.590967741935486,27.784,2006-02,3517.0,272.0,3367.0,6.2,241.0,7.16,4261.0,6.4,382.0,8.97,3692.0,5.8,239.0,6.47
2006-03,29.62516129032258,3.7345895543934864,28.56,55.9,1.91,36.3,22.2,918.38,34.55,36.928,30.40964285714286,32.64774193548387,28.590967741935486,2006-03,3493.0,257.0,3661.0,6.0,299.0,8.17,3548.0,6.4,314.0,8.85,3543.0,6.2,242.0,6.83
2006-04,25.38433333333333,3.412833470717637,24.73,65.4,1.59,30.3,19.6,761.53,30.892,31.5703,29.62516129032258,30.40964285714286,32.64774193548387,2006-04,3512.0,250.66666666666666,3537.0,5.7,276.0,7.8,3523.0,6.5,305.0,8.66,3959.0,5.9,263.0,6.64
2006-05,18.944193548387094,3.37516495813518,19.03,74.81,1.71,24.9,13.3,587.27,24.17,24.749,25.38433333333333,29.62516129032258,30.40964285714286,2006-05,3717.3333333333335,263.3333333333333,3353.0,6.0,241.0,7.19,3367.0,6.2,241.0,7.16,3842.0,6.0,280.0,7.29
2006-06,20.653,4.787515481203023,20.53,72.23,1.6,30.6,14.9,619.59,28.976,30.9994,18.944193548387094,25.38433333333333,29.62516129032258,2006-06,3826.6666666666665,286.6666666666667,3589.0,5.6,254.0,7.08,3661.0,6.0,299.0,8.17,3997.0,6.3,260.0,6.5
2006-07,21.646451612903224,5.029959939129468,21.6,70.06,1.57,31.2,10.3,671.04,29.805,31.162,20.653,18.944193548387094,25.38433333333333,2006-07,3923.0,303.3333333333333,3594.0,5.8,257.0,7.15,3537.0,5.7,276.0,7.8,4085.0,6.2,309.0,7.56
2006-08,18.873548387096776,5.90877739660081,19.43,58.29,1.75,32.2,9.8,585.08,28.74,30.373,21.646451612903224,20.653,18.944193548387094,2006-08,3892.6666666666665,318.6666666666667,3969.0,5.9,279.0,7.03,3353.0,6.0,241.0,7.19,4261.0,6.4,382.0,8.97
2006-09,20.659,4.825296381820894,20.97,56.53,2.03,32.0,12.6,619.77,27.3025,31.358100000000007,18.873548387096776,21.646451612903224,20.653,2006-09,3917.3333333333335,336.3333333333333,3917.0,6.2,324.0,8.27,3589.0,5.6,254.0,7.08,3548.0,6.4,314.0,8.85
2006-10,26.057741935483868,4.209242774084525,25.95,52.23,2.07,34.4,19.5,807.79,32.095,34.628,20.659,18.873548387096776,21.646451612903224,2006-10,3831.6666666666665,345.0,3883.0,6.2,307.0,7.91,3594.0,5.8,257.0,7.15,3523.0,6.5,305.0,8.66
2006-11,25.517,4.378745017814407,25.56,53.57,2.44,35.9,17.0,765.51,33.8295,34.9663,26.057741935483868,20.659,18.873548387096776,2006-11,3865.0,336.0,3878.0,6.3,325.0,8.38,3969.0,5.9,279.0,7.03,3367.0,6.2,241.0,7.16
2006-12,31.95967741935484,4.035461546400005,30.61,48.48,1.84,37.2,24.9,990.75,37.23,39.09,25.517,26.057741935483868,20.659,2006-12,3685.6666666666665,296.6666666666667,3991.0,6.4,377.0,9.45,3917.0,6.2,324.0,8.27,3661.0,6.0,299.0,8.17
2007-01,31.88774193548387,4.186060765347632,30.13,52.26,2.24,35.7,24.9,988.52,37.945,39.49,31.95967741935484,25.517,26.057741935483868,2007-01,3632.0,267.3333333333333,3626.0,6.3,333.0,9.18,3883.0,6.2,307.0,7.91,3537.0,5.7,276.0,7.8
2007-02,31.35214285714286,3.672565313079672,30.12,50.36,2.12,35.4,22.7,877.86,35.876,37.3908,31.88774193548387,31.95967741935484,25.517,2007-02,3427.0,252.0,3978.0,6.3,298.0,7.49,3878.0,6.3,325.0,8.38,3353.0,6.0,241.0,7.19
2007-03,32.078709677419354,4.826766855729609,29.47,60.48,2.0,35.0,22.0,994.44,38.71,39.768,31.35214285714286,31.88774193548387,31.95967741935484,2007-03,3462.3333333333335,254.0,3453.0,6.4,259.0,7.5,3991.0,6.4,377.0,9.45,3589.0,5.6,254.0,7.08
2007-04,27.69233333333333,3.895826841841048,27.07,55.2,1.74,32.4,19.1,830.77,33.0755,33.7357,32.078709677419354,31.35214285714286,31.88774193548387,2007-04,3464.3333333333335,262.0,3465.0,5.7,245.0,7.07,3626.0,6.3,333.0,9.18,3594.0,5.8,257.0,7.15
2007-05,19.076451612903227,5.279699201272169,19.44,61.06,1.64,29.4,9.4,591.37,29.01,29.662,27.69233333333333,32.078709677419354,31.35214285714286,2007-05,3549.6666666666665,271.6666666666667,3363.0,5.7,252.0,7.49,3978.0,6.3,298.0,7.49,3969.0,5.9,279.0,7.03
2007-06,17.713666666666665,4.739803926785138,18.07,68.3,1.73,29.4,11.5,531.41,27.5685,28.9396,19.076451612903227,27.69233333333333,32.078709677419354,2007-06,3671.6666666666665,318.3333333333333,3559.0,6.1,265.0,7.45,3453.0,6.4,259.0,7.5,3917.0,6.2,324.0,8.27
2007-07,16.481612903225805,4.750764216961445,17.13,61.55,1.89,28.4,9.1,510.93,27.37,27.599,17.713666666666665,19.076451612903227,27.69233333333333,2007-07,3816.0,372.3333333333333,3471.0,5.8,269.0,7.75,3465.0,5.7,245.0,7.07,3883.0,6.2,307.0,7.91
2007-08,18.79741935483871,5.574908051703296,19.21,64.06,1.98,32.0,12.2,582.72,29.4,30.653,16.481612903225805,17.713666666666665,19.076451612903227,2007-08,3960.0,403.3333333333333,3619.0,6.0,281.0,7.76,3363.0,5.7,252.0,7.49,3878.0,6.3,325.0,8.38
2007-09,24.079666666666665,5.729954253493343,24.13,58.17,2.05,32.8,16.4,722.39,32.9,33.6626,18.79741935483871,16.481612903225805,17.713666666666665,2007-09,3960.3333333333335,391.6666666666667,3925.0,6.2,405.0,10.32,3559.0,6.1,265.0,7.45,3991.0,6.4,377.0,9.45
2007-10,25.70096774193549,3.952793404533652,25.29,60.87,1.91,31.8,18.8,796.73,32.365,32.523,24.079666666666665,18.79741935483871,16.481612903225805,2007-10,3998.3333333333335,357.6666666666667,3904.0,6.4,431.0,11.04,3471.0,5.8,269.0,7.75,3626.0,6.3,333.0,9.18
2007-11,25.04233333333333,4.05842391978015,25.09,50.5,2.35,34.1,18.7,751.27,31.067499999999995,33.0809,25.70096774193549,24.079666666666665,18.79741935483871,2007-11,3883.6666666666665,325.3333333333333,4051.0,6.3,374.0,9.23,3619.0,6.0,281.0,7.76,3978.0,6.3,298.0,7.49
2007-12,30.61709677419355,3.67937965201417,29.82,47.84,1.99,34.8,23.2,949.13,36.975,37.444,25.04233333333333,25.70096774193549,24.079666666666665,2007-12,3813.3333333333335,303.3333333333333,3926.0,6.6,370.0,9.42,3925.0,6.2,405.0,10.32,3453.0,6.4,259.0,7.5
2008-01,29.76,4.213297204486446,28.97,50.65,2.33,37.1,23.3,922.56,35.955,37.45,30.61709677419355,25.04233333333333,25.70096774193549,2008-01,3363.3333333333335,240.66666666666666,4018.0,6.2,329.0,8.19,3904.0,6.4,431.0,11.04,3465.0,5.7,245.0,7.07
2008-02,29.77655172413793,3.248451582635804,28.88,53.41,1.98,33.7,21.9,863.52,33.948,35.234399999999994,29.76,30.61709677419355,25.04233333333333,2008-02,3464.0,250.33333333333334,3707.0,6.0,277.0,7.47,4051.0,6.3,374.0,9.23,3363.0,5.7,252.0,7.49
2008-03,29.62967741935484,3.324678915695936,28.81,51.74,2.07,33.6,24.0,918.52,34.075,36.362,29.77655172413793,29.76,30.61709677419355,2008-03,3482.6666666666665,243.33333333333334,3715.0,6.1,304.0,8.18,3926.0,6.6,370.0,9.42,3559.0,6.1,265.0,7.45
2008-04,24.60833333333333,4.084726035073736,24.77,53.7,1.54,33.0,17.7,738.25,30.29,31.3385,29.62967741935484,29.77655172413793,29.76,2008-04,3846.0,284.6666666666667,2668.0,5.4,141.0,5.28,4018.0,6.2,329.0,8.19,3471.0,5.8,269.0,7.75
2008-05,21.17548387096774,5.2366355857615785,21.37,59.06,1.87,30.8,11.4,656.4399999999999,30.125,31.275,24.60833333333333,29.62967741935484,29.77655172413793,2008-05,3676.6666666666665,266.3333333333333,4009.0,6.2,306.0,7.63,3707.0,6.0,277.0,7.47,3619.0,6.0,281.0,7.76
2008-06,16.582,2.6223040671687285,17.1,65.6,1.59,21.7,12.5,497.46,19.594,21.021600000000003,21.17548387096774,24.60833333333333,29.62967741935484,2008-06,3621.6666666666665,287.6666666666667,3771.0,5.9,283.0,7.5,3715.0,6.1,304.0,8.18,3925.0,6.2,405.0,10.32
2008-07,20.328064516129032,4.558281415442183,20.53,63.58,1.68,27.6,14.1,630.17,27.235,27.592,16.582,21.17548387096774,24.60833333333333,2008-07,3677.3333333333335,321.3333333333333,3758.0,6.0,265.0,7.05,2668.0,5.4,141.0,5.28,3904.0,6.4,431.0,11.04
2008-08,19.85,4.044138144689587,20.27,57.68,1.88,28.2,14.3,615.35,26.825000000000003,27.527,20.328064516129032,16.582,21.17548387096774,2008-08,3767.6666666666665,356.3333333333333,3501.0,5.8,251.0,7.17,4009.0,6.2,306.0,7.63,4051.0,6.3,374.0,9.23
2008-09,20.03333333333333,4.532951640455988,20.5,56.03,2.35,31.1,11.8,601.0,26.87549999999999,29.2453,19.85,20.328064516129032,16.582,2008-09,3804.0,359.0,3606.0,6.2,347.0,9.62,3771.0,5.9,283.0,7.5,3926.0,6.6,370.0,9.42
2008-10,23.390967741935484,3.5654689778846853,23.38,59.0,2.14,32.8,18.0,725.12,29.27,32.717,20.03333333333333,19.85,20.328064516129032,2008-10,3826.0,357.3333333333333,3925.0,6.2,366.0,9.32,3758.0,6.0,265.0,7.05,4018.0,6.2,329.0,8.19
2008-11,27.26033333333333,3.870813407642068,26.89,52.93,2.54,32.5,20.7,817.8100000000001,32.7455,32.982,23.390967741935484,20.03333333333333,19.85,2008-11,3698.3333333333335,332.0,3772.0,6.4,356.0,9.44,3501.0,5.8,251.0,7.17,3707.0,6.0,277.0,7.47
2008-12,28.739032258064515,4.326163315486145,28.23,50.52,2.15,35.7,21.7,890.91,35.745000000000005,36.914,27.26033333333333,23.390967741935484,20.03333333333333,2008-12,3603.3333333333335,306.3333333333333,3715.0,6.2,355.0,9.56,3606.0,6.2,347.0,9.62,3715.0,6.1,304.0,8.18
2009-01,29.19451612903226,4.090254954327155,28.14,54.65,2.26,33.1,17.7,905.03,34.67,36.234,28.739032258064515,27.26033333333333,23.390967741935484,2009-01,3348.6666666666665,279.0,3991.0,6.1,361.0,9.05,3925.0,6.2,366.0,9.32,2668.0,5.4,141.0,5.28
2009-02,30.749642857142856,3.127906035037045,29.26,54.75,2.14,34.0,24.6,860.99,35.18,35.1946,29.19451612903226,28.739032258064515,27.26033333333333,2009-02,3342.6666666666665,266.3333333333333,3389.0,6.0,280.0,8.26,3772.0,6.4,356.0,9.44,4009.0,6.2,306.0,7.63
2009-03,29.54806451612903,2.740007809422981,28.29,57.0,1.89,32.5,24.0,915.99,33.76,34.492999999999995,30.749642857142856,29.19451612903226,28.739032258064515,2009-03,3412.0,258.3333333333333,3430.0,6.0,278.0,8.1,3715.0,6.2,355.0,9.56,3771.0,5.9,283.0,7.5
2009-04,26.55433333333333,3.118969417914363,26.4,51.33,1.69,33.1,21.2,796.63,31.886,33.1662,29.54806451612903,30.749642857142856,29.19451612903226,2009-04,3466.0,245.33333333333334,3227.0,5.8,279.0,8.65,3991.0,6.1,361.0,9.05,3758.0,6.0,265.0,7.05
2009-05,22.64322580645161,4.670524158376496,22.72,57.48,1.2,29.4,14.6,701.94,28.125,29.369,26.55433333333333,29.54806451612903,30.749642857142856,2009-05,3462.6666666666665,259.3333333333333,3371.0,6.1,242.0,7.18,3389.0,6.0,280.0,8.26,3501.0,5.8,251.0,7.17
2009-06,17.23166666666667,4.271930907465722,17.83,59.03,1.59,26.1,11.9,516.95,24.5295,26.2007,22.64322580645161,26.55433333333333,29.54806451612903,2009-06,3430.6666666666665,280.0,3638.0,6.0,254.0,6.98,3430.0,6.0,278.0,8.1,3606.0,6.2,347.0,9.62
2009-07,15.841290322580644,3.762882531548993,16.57,59.68,1.52,25.1,8.9,491.08,22.630000000000003,24.429,17.23166666666667,22.64322580645161,26.55433333333333,2009-07,3480.3333333333335,314.0,3389.0,5.8,240.0,7.08,3227.0,5.8,279.0,8.65,3925.0,6.2,366.0,9.32
2009-08,21.66193548387097,5.766607563871408,22.15,56.16,1.56,33.1,13.9,671.52,30.88,31.388,15.841290322580644,17.23166666666667,22.64322580645161,2009-08,3527.6666666666665,334.3333333333333,3361.0,6.0,284.0,8.45,3371.0,6.1,242.0,7.18,3772.0,6.4,356.0,9.44
2009-09,20.612,4.146012126335876,20.76,64.77,1.95,28.2,13.5,618.36,27.3165,27.9951,21.66193548387097,15.841290322580644,17.23166666666667,2009-09,3649.3333333333335,336.0,3542.0,6.0,316.0,8.92,3638.0,6.0,254.0,6.98,3715.0,6.2,355.0,9.56
2009-10,24.259032258064515,5.283117359311457,24.34,52.58,1.91,34.1,14.1,752.03,34.045,35.351,20.612,21.66193548387097,15.841290322580644,2009-10,3726.0,318.6666666666667,3538.0,6.4,342.0,9.67,3389.0,5.8,240.0,7.08,3991.0,6.1,361.0,9.05
2009-11,28.999666666666663,4.846748275965516,27.45,64.1,1.64,35.0,21.5,869.99,37.719,38.1339,24.259032258064515,20.612,21.66193548387097,2009-11,3694.6666666666665,308.0,3503.0,6.2,345.0,9.85,3361.0,6.0,284.0,8.45,3389.0,6.0,280.0,8.26
2009-12,30.11774193548387,5.05131316898713,28.34,58.77,2.0,34.2,20.8,933.65,37.38,37.73,28.999666666666663,24.259032258064515,20.612,2009-12,3499.0,292.0,3907.0,6.2,321.0,8.22,3542.0,6.0,316.0,8.92,3430.0,6.0,278.0,8.1
2010-01,31.76935483870968,3.74798162169442,29.47,58.48,1.91,34.0,23.8,984.85,37.75,38.843,30.11774193548387,28.999666666666663,24.259032258064515,2010-01,3392.6666666666665,290.6666666666667,3768.0,6.3,290.0,7.7,3538.0,6.4,342.0,9.67,3227.0,5.8,279.0,8.65
2010-02,35.075714285714284,6.433636969559646,31.6,53.39,1.96,38.2,24.6,982.12,43.041,45.469800000000006,31.76935483870968,30.11774193548387,28.999666666666663,2010-02,3290.6666666666665,268.0,3409.0,6.0,313.0,9.18,3503.0,6.2,345.0,9.85,3371.0,6.1,242.0,7.18
2010-03,29.05161290322581,2.6981513384466207,27.98,58.06,1.85,32.6,23.5,900.6,32.41,34.431999999999995,35.075714285714284,31.76935483870968,30.11774193548387,2010-03,3267.3333333333335,272.3333333333333,3320.0,6.2,273.0,8.22,3907.0,6.2,321.0,8.22,3638.0,6.0,254.0,6.98
2010-04,25.41933333333333,4.317067118513116,25.24,57.47,1.4,33.0,18.5,762.58,33.017,33.4801,29.05161290322581,35.075714285714284,31.76935483870968,2010-04,3171.6666666666665,254.33333333333334,3449.0,6.0,286.0,8.29,3768.0,6.3,290.0,7.7,3389.0,5.8,240.0,7.08
2010-05,20.697741935483872,2.7625129980718874,20.74,69.9,1.81,25.3,15.9,641.63,24.94,25.058,25.41933333333333,29.05161290322581,35.075714285714284,2010-05,3305.6666666666665,262.3333333333333,3103.0,6.0,245.0,7.9,3409.0,6.0,313.0,9.18,3361.0,6.0,284.0,8.45
2010-06,19.204,3.2646313621961185,19.52,63.83,1.37,26.9,14.9,576.12,25.0495,26.742,20.697741935483872,25.41933333333333,29.05161290322581,2010-06,3374.0,256.6666666666667,3250.0,6.0,286.0,8.8,3320.0,6.2,273.0,8.22,3542.0,6.0,316.0,8.92
2010-07,19.344193548387096,5.859136326680209,19.71,61.48,1.49,29.8,10.4,599.67,27.365,28.61,19.204,20.697741935483872,25.41933333333333,2010-07,3508.3333333333335,274.6666666666667,3162.0,6.1,232.0,7.34,3449.0,6.0,286.0,8.29,3538.0,6.4,342.0,9.67
2010-08,18.450000000000003,5.79505593875791,18.97,60.06,1.71,32.6,9.8,571.95,28.51,30.454,19.344193548387096,19.204,20.697741935483872,2010-08,3611.3333333333335,298.6666666666667,3505.0,6.2,269.0,7.67,3103.0,6.0,245.0,7.9,3503.0,6.2,345.0,9.85
2010-09,20.97533333333333,2.2340850681999616,21.11,64.67,1.89,26.6,17.5,629.26,24.766,26.1974,18.450000000000003,19.344193548387096,19.204,2010-09,3701.6666666666665,332.3333333333333,3455.0,6.2,269.0,7.79,3250.0,6.0,286.0,8.8,3907.0,6.2,321.0,8.22
2010-10,22.80967741935484,2.742977073510906,22.99,54.42,2.07,27.5,16.5,707.1,27.275,28.14,20.97533333333333,18.450000000000003,19.344193548387096,2010-10,3743.0,341.3333333333333,3565.0,6.5,286.0,8.02,3162.0,6.1,232.0,7.34,3768.0,6.3,290.0,7.7
2010-11,26.49366666666667,3.56526198034671,26.56,47.7,2.02,34.9,20.0,794.8100000000001,32.82549999999999,34.1038,22.80967741935484,20.97533333333333,18.450000000000003,2010-11,3686.3333333333335,335.3333333333333,3814.0,6.4,341.0,8.94,3505.0,6.2,269.0,7.67,3409.0,6.0,313.0,9.18
2010-12,29.73322580645161,3.370367326268532,28.69,51.52,2.4,35.0,21.1,921.73,34.125,36.437,26.49366666666667,22.80967741935484,20.97533333333333,2010-12,3668.3333333333335,302.6666666666667,3726.0,6.4,370.0,9.93,3455.0,6.2,269.0,7.79,3320.0,6.2,273.0,8.22
2011-01,33.84193548387096,3.899205405681895,30.9,56.52,1.93,36.0,24.3,1049.1,38.870000000000005,42.348,29.73322580645161,26.49366666666667,22.80967741935484,2011-01,3481.0,279.0,3689.0,6.5,313.0,8.48,3565.0,6.5,286.0,8.02,3449.0,6.0,286.0,8.29
2011-02,31.160714285714285,3.4523775259972083,28.86,62.43,2.21,35.6,24.7,872.5,38.013,38.9841,33.84193548387096,29.73322580645161,26.49366666666667,2011-02,3235.6666666666665,256.0,3644.0,6.5,323.0,8.86,3814.0,6.4,341.0,8.94,3103.0,6.0,245.0,7.9
2011-03,28.573870967741936,3.657743090503901,27.67,55.74,2.14,32.7,21.9,885.79,33.89,34.807,31.160714285714285,33.84193548387096,29.73322580645161,2011-03,3128.3333333333335,244.0,3672.0,6.1,272.0,7.41,3726.0,6.4,370.0,9.93,3250.0,6.0,286.0,8.8
2011-04,25.761666666666667,3.0106925349875704,25.36,58.1,1.33,30.0,21.2,772.85,31.396,31.6678,28.573870967741936,31.160714285714285,33.84193548387096,2011-04,3126.3333333333335,239.0,3127.0,6.0,242.0,7.74,3689.0,6.5,313.0,8.48,3162.0,6.1,232.0,7.34
2011-05,20.746774193548383,2.6650395708091263,20.94,62.19,1.65,27.3,16.0,643.15,25.675,27.56,25.761666666666667,28.573870967741936,31.160714285714285,2011-05,3256.0,249.66666666666666,2908.0,5.8,254.0,8.73,3644.0,6.5,323.0,8.86,3505.0,6.2,269.0,7.67
2011-06,17.541,3.8839202999742057,17.97,65.8,1.43,25.7,10.2,526.23,23.5025,25.3074,20.746774193548383,25.761666666666667,28.573870967741936,2011-06,3291.3333333333335,275.3333333333333,3350.0,5.9,236.0,7.04,3672.0,6.1,272.0,7.41,3455.0,6.2,269.0,7.79
2011-07,17.082580645161293,5.410702337492446,17.5,67.71,1.53,28.0,10.0,529.5600000000001,26.27,27.584,17.541,20.746774193548383,25.761666666666667,2011-07,3433.3333333333335,312.3333333333333,3121.0,6.0,227.0,7.27,3127.0,6.0,242.0,7.74,3565.0,6.5,286.0,8.02
2011-08,18.426451612903225,5.425074222771578,18.77,67.45,1.83,32.2,11.1,571.22,27.76,30.853,17.082580645161293,17.541,20.746774193548383,2011-08,3495.0,323.0,3297.0,6.0,286.0,8.67,2908.0,5.8,254.0,8.73,3814.0,6.4,341.0,8.94
2011-09,21.812666666666665,4.277288001020991,22.19,53.63,1.73,33.4,14.9,654.38,29.07049999999999,32.1293,18.426451612903225,17.082580645161293,17.541,2011-09,3556.6666666666665,316.3333333333333,3456.0,6.2,313.0,9.06,3350.0,5.9,236.0,7.04,3726.0,6.4,370.0,9.93
2011-10,24.460967741935484,3.080374820092201,24.56,53.48,2.03,33.5,19.2,758.29,29.77,31.297,21.812666666666665,18.426451612903225,17.082580645161293,2011-10,3533.3333333333335,303.6666666666667,3547.0,6.3,338.0,9.53,3121.0,6.0,227.0,7.27,3689.0,6.5,313.0,8.48
2011-11,27.617666666666665,3.888279189753645,27.53,45.07,2.18,34.3,21.6,828.53,34.753499999999995,35.3343,24.460967741935484,21.812666666666665,18.426451612903225,2011-11,3532.6666666666665,289.0,3482.0,6.4,318.0,9.13,3297.0,6.0,286.0,8.67,3644.0,6.5,323.0,8.86
2011-12,28.648387096774197,3.4849314644377096,28.35,47.0,2.16,35.4,22.3,888.1,34.61,36.196,27.617666666666665,24.460967741935484,21.812666666666665,2011-12,3392.3333333333335,260.3333333333333,3641.0,6.1,293.0,8.05,3456.0,6.2,313.0,9.06,3672.0,6.1,272.0,7.41
2012-01,30.996129032258064,4.176465553087807,29.8,51.19,2.08,35.5,21.0,960.88,37.47,38.202,28.648387096774197,27.617666666666665,24.460967741935484,2012-01,3257.3333333333335,239.0,3477.0,6.4,300.0,8.63,3547.0,6.3,338.0,9.53,3127.0,6.0,242.0,7.74
2012-02,34.62103448275862,4.174489998642765,32.22,49.66,1.71,38.4,24.9,1004.01,39.968,40.408,30.996129032258064,28.648387096774197,27.617666666666665,2012-02,3171.6666666666665,235.33333333333334,3480.0,6.2,274.0,7.87,3482.0,6.4,318.0,9.13,2908.0,5.8,254.0,8.73
2012-03,29.71677419354839,5.148008279646785,28.81,49.03,1.59,36.1,20.4,921.22,37.985,38.581,34.62103448275862,30.996129032258064,28.648387096774197,2012-03,3191.3333333333335,249.66666666666666,3220.0,6.0,207.0,6.43,3641.0,6.1,293.0,8.05,3350.0,5.9,236.0,7.04
2012-04,24.577333333333332,4.551904439131878,24.56,55.23,1.52,32.9,17.3,737.32,30.2565,31.7495,29.71677419354839,34.62103448275862,30.996129032258064,2012-04,3225.0,250.66666666666666,3072.0,5.8,236.0,7.68,3477.0,6.4,300.0,8.63,3121.0,6.0,227.0,7.27
2012-05,24.15774193548387,3.5292385483532853,24.08,56.03,1.34,29.6,17.6,748.89,28.15,30.68,24.577333333333332,29.71677419354839,34.62103448275862,2012-05,3273.3333333333335,256.3333333333333,3223.0,5.6,263.0,8.16,3480.0,6.2,274.0,7.87,3297.0,6.0,286.0,8.67
2012-06,19.56533333333333,5.632004440959587,19.94,58.23,1.38,29.3,12.0,586.96,28.646,29.9567,24.15774193548387,24.577333333333332,29.71677419354839,2012-06,3342.3333333333335,275.3333333333333,3279.0,5.9,250.0,7.62,3220.0,6.0,207.0,6.43,3456.0,6.2,313.0,9.06
2012-07,17.646451612903224,5.168019961511434,18.28,58.77,1.98,30.2,11.0,547.04,28.515,29.656,19.56533333333333,24.15774193548387,24.577333333333332,2012-07,3443.3333333333335,299.0,3173.0,5.7,239.0,7.53,3072.0,5.8,236.0,7.68,3547.0,6.3,338.0,9.53
2012-08,24.634838709677418,5.518564348915239,24.89,52.03,1.56,32.7,12.5,763.68,30.805,31.363,17.646451612903224,19.56533333333333,24.15774193548387,2012-08,3539.3333333333335,309.6666666666667,3368.0,6.0,280.0,8.31,3223.0,5.6,263.0,8.16,3482.0,6.4,318.0,9.13
2012-09,22.680333333333333,4.157536143151277,22.79,57.17,2.18,31.4,15.0,680.41,28.61,30.6454,24.634838709677418,17.646451612903224,19.56533333333333,2012-09,3471.0,300.0,3486.0,6.4,307.0,8.81,3279.0,5.9,250.0,7.62,3641.0,6.1,293.0,8.05
2012-10,26.431612903225805,4.318380172220592,25.81,57.35,1.82,33.0,19.9,819.38,33.375,35.878,22.680333333333333,24.634838709677418,17.646451612903224,2012-10,3363.6666666666665,291.0,3476.0,6.2,310.0,8.92,3173.0,5.7,239.0,7.53,3477.0,6.4,300.0,8.63
2012-11,28.919666666666668,3.450741532835629,28.74,45.57,2.18,34.4,22.4,867.59,35.555,35.7846,26.431612903225805,22.680333333333333,24.634838709677418,2012-11,3302.0,281.6666666666667,3656.0,6.5,312.0,8.53,3368.0,6.0,280.0,8.31,3480.0,6.2,274.0,7.87
2012-12,32.439032258064515,5.699267996762806,30.82,50.45,1.92,38.6,20.0,1005.61,42.365,43.129,28.919666666666668,26.431612903225805,22.680333333333333,2012-12,3154.0,268.3333333333333,3281.0,6.8,278.0,8.47,3486.0,6.4,307.0,8.81,3220.0,6.0,207.0,6.43
2013-01,30.233870967741936,2.907549572428478,29.39,48.65,2.12,35.9,24.1,937.25,34.635,35.528,32.439032258064515,28.919666666666668,26.431612903225805,2013-01,3120.6666666666665,258.6666666666667,3154.0,6.2,283.0,8.97,3476.0,6.2,310.0,8.92,3072.0,5.8,236.0,7.68
2013-02,31.42892857142857,3.559478050881757,29.47,54.89,2.09,37.4,25.6,880.01,36.6055,38.3709,30.233870967741936,32.439032258064515,28.919666666666668,2013-02,2932.0,244.66666666666666,3471.0,6.1,284.0,8.18,3656.0,6.5,312.0,8.53,3223.0,5.6,263.0,8.16
2013-03,26.003870967741936,3.4974597233033347,25.58,60.42,1.92,32.8,20.6,806.12,31.74,32.788000000000004,31.42892857142857,30.233870967741936,32.439032258064515,2013-03,3106.6666666666665,250.0,2837.0,6.2,238.0,8.39,3281.0,6.8,278.0,8.47,3279.0,5.9,250.0,7.62
2013-04,26.008333333333333,3.220057916948971,25.65,54.2,1.85,31.1,20.1,780.25,31.296,31.8023,26.003870967741936,31.42892857142857,30.233870967741936,2013-04,3217.3333333333335,254.33333333333334,3054.0,5.9,254.0,8.32,3154.0,6.2,283.0,8.97,3173.0,5.7,239.0,7.53
2013-05,21.315483870967743,4.384941534167191,21.42,60.42,1.42,30.3,14.8,660.78,28.985,31.98,26.008333333333333,26.003870967741936,31.42892857142857,2013-05,3391.0,276.6666666666667,2905.0,6.1,242.0,8.33,3471.0,6.1,284.0,8.18,3368.0,6.0,280.0,8.31
2013-06,18.363666666666667,2.3174517564942234,18.6,70.63,1.51,23.9,15.0,550.91,22.6285,23.4671,21.315483870967743,26.008333333333333,26.003870967741936,2013-06,3333.6666666666665,284.3333333333333,3361.0,5.9,254.0,7.56,2837.0,6.2,238.0,8.39,3486.0,6.4,307.0,8.81
2013-07,18.656451612903226,5.550075403924465,19.12,59.29,1.48,27.8,8.6,578.35,26.73,27.525,18.363666666666667,21.315483870967743,26.008333333333333,2013-07,3315.3333333333335,307.3333333333333,3386.0,5.9,267.0,7.89,3054.0,5.9,254.0,8.32,3476.0,6.2,310.0,8.92
2013-08,18.34967741935484,6.279893037237162,18.75,64.13,1.67,29.8,9.8,568.84,28.365,29.57,18.656451612903226,18.363666666666667,21.315483870967743,2013-08,3367.0,336.3333333333333,3426.0,6.5,309.0,9.02,2905.0,6.1,242.0,8.33,3656.0,6.5,312.0,8.53
2013-09,22.220666666666663,6.20219534732959,22.35,61.47,1.6,34.5,13.2,666.62,33.983,34.703700000000005,18.34967741935484,18.656451612903226,18.363666666666667,2013-09,3435.3333333333335,352.0,3189.0,6.3,277.0,8.69,3361.0,5.9,254.0,7.56,3281.0,6.8,278.0,8.47
2013-10,24.16354838709677,2.831388997632431,24.21,56.06,1.78,31.9,18.6,749.07,28.26,30.002,22.220666666666663,18.34967741935484,18.656451612903226,2013-10,3482.0,345.3333333333333,3331.0,6.5,336.0,10.09,3386.0,5.9,267.0,7.89,3154.0,6.2,283.0,8.97
2013-11,28.173,3.825679250033637,27.61,51.53,1.91,32.7,20.8,845.19,34.110499999999995,35.589800000000004,24.16354838709677,22.220666666666663,18.34967741935484,2013-11,3413.3333333333335,308.0,3581.0,6.3,396.0,11.06,3426.0,6.5,309.0,9.02,3471.0,6.1,284.0,8.18
2013-12,31.934838709677415,4.55466564522413,30.46,50.16,2.15,38.6,23.4,989.98,40.525000000000006,41.356,28.173,24.16354838709677,22.220666666666663,2013-12,3367.3333333333335,293.6666666666667,3394.0,6.5,324.0,9.55,3189.0,6.3,277.0,8.69,2837.0,6.2,238.0,8.39
2014-01,35.18064516129032,5.551627950720925,32.41,50.9,1.95,37.5,23.3,1090.6,42.615,43.063,31.934838709677415,28.173,24.16354838709677,2014-01,3220.0,277.0,3471.0,6.4,316.0,9.1,3331.0,6.5,336.0,10.09,3054.0,5.9,254.0,8.32
2014-02,34.642857142857146,6.702722419337373,31.83,52.11,1.99,40.2,22.0,970.0,42.8105,43.5545,35.18064516129032,31.934838709677415,28.173,2014-02,3109.0,269.3333333333333,3375.0,6.3,284.0,8.41,3581.0,6.3,396.0,11.06,2905.0,6.1,242.0,8.33
2014-03,28.73516129032258,3.163165999403912,27.56,59.48,1.78,32.9,21.4,890.79,34.1,34.628,34.642857142857146,35.18064516129032,31.934838709677415,2014-03,3066.6666666666665,265.3333333333333,3256.0,6.3,281.0,8.63,3394.0,6.5,324.0,9.55,3361.0,5.9,254.0,7.56
2014-04,26.33566666666667,4.195242529944778,25.66,59.07,1.67,31.4,20.8,790.07,32.3415,33.3443,28.73516129032258,34.642857142857146,35.18064516129032,2014-04,3057.0,258.3333333333333,3029.0,6.3,266.0,8.78,3471.0,6.4,316.0,9.1,3386.0,5.9,267.0,7.89
2014-05,20.73709677419355,3.595292471689784,20.86,65.81,1.32,26.3,13.9,642.85,25.375,26.295,26.33566666666667,28.73516129032258,34.642857142857146,2014-05,3157.0,258.3333333333333,3042.0,6.0,261.0,8.58,3375.0,6.3,284.0,8.41,3426.0,6.5,309.0,9.02
2014-06,19.004,3.500159208201624,19.17,71.67,1.34,29.0,13.4,570.12,23.7675,27.489300000000004,20.73709677419355,26.33566666666667,28.73516129032258,2014-06,3262.3333333333335,269.6666666666667,3129.0,6.3,269.0,8.6,3256.0,6.3,281.0,8.63,3189.0,6.3,277.0,8.69
2014-07,20.2083870967742,4.297930584807991,20.44,62.39,1.42,27.9,12.5,626.46,26.16,28.87,19.004,20.73709677419355,26.33566666666667,2014-07,3443.3333333333335,287.0,3000.0,6.4,245.0,8.17,3029.0,6.3,266.0,8.78,3331.0,6.5,336.0,10.09
2014-08,21.64903225806452,5.64712219030703,22.0,54.87,1.54,33.9,14.0,671.12,31.28,32.329,20.2083870967742,19.004,20.73709677419355,2014-08,3526.0,309.6666666666667,3342.0,6.3,261.0,7.81,3042.0,6.0,261.0,8.58,3581.0,6.3,396.0,11.06
2014-09,23.432333333333336,4.438610129878212,23.35,61.5,1.66,33.6,15.6,702.97,31.3565,33.4436,21.64903225806452,20.2083870967742,19.004,2014-09,3542.6666666666665,317.6666666666667,3445.0,6.5,303.0,8.8,3129.0,6.3,269.0,8.6,3394.0,6.5,324.0,9.55
2014-10,26.620967741935484,4.737982239194732,26.08,56.84,1.81,36.6,20.5,825.25,34.925,37.553,23.432333333333336,21.64903225806452,20.2083870967742,2014-10,3584.6666666666665,312.6666666666667,3543.0,6.9,297.0,8.38,3000.0,6.4,245.0,8.17,3471.0,6.4,316.0,9.1
2014-11,28.980666666666668,4.193038510915799,28.21,53.0,1.52,34.4,20.6,869.4200000000001,35.043,37.171800000000005,26.620967741935484,23.432333333333336,21.64903225806452,2014-11,3586.0,309.3333333333333,3590.0,6.5,329.0,9.16,3342.0,6.3,261.0,7.81,3375.0,6.3,284.0,8.41
2014-12,30.838064516129037,4.561906340814724,29.1,57.16,1.64,37.3,23.1,955.98,38.53,40.844,28.980666666666668,26.620967741935484,23.432333333333336,2014-12,3481.0,293.0,3495.0,6.7,327.0,9.36,3445.0,6.5,303.0,8.8,3256.0,6.3,281.0,8.63
2015-01,33.24322580645161,5.072488795516966,30.32,58.61,1.74,36.0,25.4,1030.54,41.3,42.903000000000006,30.838064516129037,28.980666666666668,26.620967741935484,2015-01,3353.0,288.3333333333333,3669.0,6.4,282.0,7.69,3543.0,6.9,297.0,8.38,3029.0,6.3,266.0,8.78
2015-02,31.97392857142857,3.4182812870903345,29.59,58.79,1.91,34.3,25.3,895.27,37.4715,39.2616,33.24322580645161,30.838064516129037,28.980666666666668,2015-02,3172.0,259.3333333333333,3594.0,6.2,319.0,8.88,3590.0,6.5,329.0,9.16,3042.0,6.0,261.0,8.58
2015-03,30.49451612903226,3.6600626940984498,28.85,57.16,1.69,34.2,24.5,945.33,36.91,37.956,31.97392857142857,33.24322580645161,30.838064516129037,2015-03,3195.0,248.0,3180.0,6.4,278.0,8.74,3495.0,6.7,327.0,9.36,3129.0,6.3,269.0,8.6
2015-04,26.349,3.09400683190294,26.1,55.73,1.42,32.0,19.7,790.47,31.5,31.9736,30.49451612903226,31.97392857142857,33.24322580645161,2015-04,3199.0,255.66666666666666,3285.0,6.6,268.0,8.16,3669.0,6.4,282.0,7.69,3000.0,6.4,245.0,8.17
2015-05,22.94935483870968,3.820229430705152,22.82,63.55,1.42,29.6,17.3,711.43,29.37,30.383,26.349,30.49451612903226,31.97392857142857,2015-05,3282.6666666666665,267.6666666666667,3051.0,6.3,232.0,7.6,3594.0,6.2,319.0,8.88,3342.0,6.3,261.0,7.81
2015-06,20.287333333333333,4.597751274439409,20.42,64.87,1.33,28.4,13.3,608.62,28.1165,29.618700000000004,22.94935483870968,26.349,30.49451612903226,2015-06,3348.0,292.0,3249.0,6.2,244.0,7.51,3180.0,6.4,278.0,8.74,3445.0,6.5,303.0,8.8
2015-07,19.49387096774193,3.767537372006067,19.59,72.94,1.29,28.9,11.1,604.31,26.885,28.512,20.287333333333333,22.94935483870968,26.349,2015-07,3421.6666666666665,317.6666666666667,3297.0,6.1,291.0,8.83,3285.0,6.6,268.0,8.16,3543.0,6.9,297.0,8.38
2015-08,25.503870967741936,4.861440580335117,25.55,54.74,1.96,34.6,17.9,790.62,32.065,33.698,19.49387096774193,20.287333333333333,22.94935483870968,2015-08,3540.3333333333335,345.3333333333333,3302.0,6.5,268.0,8.12,3051.0,6.3,232.0,7.6,3590.0,6.5,329.0,9.16
2015-09,21.174333333333333,3.0154586582376206,21.32,64.77,1.59,29.3,15.5,635.23,25.843,27.836700000000004,25.503870967741936,19.49387096774193,20.287333333333333,2015-09,3534.6666666666665,343.0,3445.0,6.6,317.0,9.2,3249.0,6.2,244.0,7.51,3495.0,6.7,327.0,9.36
2015-10,23.081612903225807,4.2207180248343175,22.76,69.29,1.63,30.7,16.3,715.53,30.675,32.338,21.174333333333333,25.503870967741936,19.49387096774193,2015-10,3556.0,326.0,3518.0,6.3,368.0,10.46,3297.0,6.1,291.0,8.83,3669.0,6.4,282.0,7.69
2015-11,25.59466666666667,4.03487532032586,24.96,63.43,2.33,31.0,16.9,767.84,32.64,33.0046,23.081612903225807,21.174333333333333,25.503870967741936,2015-11,3558.6666666666665,313.6666666666667,3658.0,6.4,351.0,9.6,3302.0,6.5,268.0,8.12,3594.0,6.2,319.0,8.88
2015-12,30.544838709677418,4.644198438889639,28.38,63.32,1.75,35.0,22.9,946.89,38.38,38.616,25.59466666666667,23.081612903225807,21.174333333333333,2015-12,3554.6666666666665,300.3333333333333,3428.0,6.4,310.0,9.04,3445.0,6.6,317.0,9.2,3180.0,6.4,278.0,8.74
2016-01,33.58,3.922579083545246,31.48,52.42,1.79,38.4,25.3,1040.98,38.595,42.294,30.544838709677418,25.59466666666667,23.081612903225807,2016-01,3428.6666666666665,287.3333333333333,3582.0,6.5,317.0,8.85,3518.0,6.3,368.0,10.46,3285.0,6.6,268.0,8.16
2016-02,34.40655172413793,4.100069055047444,31.0,57.41,1.82,35.3,25.8,997.79,41.326,41.9948,33.58,30.544838709677418,25.59466666666667,2016-02,3216.6666666666665,259.3333333333333,3666.0,6.5,314.0,8.57,3658.0,6.4,351.0,9.6,3051.0,6.3,232.0,7.6
2016-03,28.43516129032258,3.5881414603921264,27.25,62.19,2.01,34.4,22.0,881.49,35.395,38.204,34.40655172413793,33.58,30.544838709677418,2016-03,3163.0,261.3333333333333,3416.0,6.2,270.0,7.9,3428.0,6.4,310.0,9.04,3249.0,6.2,244.0,7.51
2016-04,28.716666666666665,8.001752968863304,26.63,65.73,1.97,35.6,14.0,861.5,39.165,40.4028,28.43516129032258,34.40655172413793,33.58,2016-04,3133.0,259.3333333333333,3204.0,6.2,278.0,8.68,3582.0,6.5,317.0,8.85,3297.0,6.1,291.0,8.83
2016-05,18.590967741935486,2.898333262225849,18.76,72.68,1.66,24.2,13.9,576.32,23.255,24.443,28.716666666666665,28.43516129032258,34.40655172413793,2016-05,3201.3333333333335,275.6666666666667,3030.0,6.1,230.0,7.59,3666.0,6.5,314.0,8.57,3302.0,6.5,268.0,8.12
2016-06,14.951666666666666,3.2064795211478017,15.59,67.07,1.57,21.8,9.0,448.55,19.726,21.1244,18.590967741935486,28.716666666666665,28.43516129032258,2016-06,3205.3333333333335,301.3333333333333,3255.0,6.2,276.0,8.48,3416.0,6.2,270.0,7.9,3445.0,6.6,317.0,9.2
2016-07,19.118387096774192,5.60045837217764,19.46,62.39,1.85,29.0,11.3,592.67,28.64,28.923,14.951666666666666,18.590967741935486,28.716666666666665,2016-07,3320.3333333333335,327.6666666666667,3114.0,6.2,272.0,8.73,3204.0,6.2,278.0,8.68,3518.0,6.3,368.0,10.46
2016-08,21.48548387096774,4.895826684507039,21.62,61.13,1.41,32.3,14.7,666.05,30.57,33.465,19.118387096774192,14.951666666666666,18.590967741935486,2016-08,3413.3333333333335,348.6666666666667,3235.0,6.2,279.0,8.62,3030.0,6.1,230.0,7.59,3658.0,6.4,351.0,9.6
2016-09,21.386333333333333,4.406286640020482,21.51,61.23,1.83,31.2,15.6,641.59,27.6795,31.582400000000003,21.48548387096774,19.118387096774192,14.951666666666666,2016-09,3458.6666666666665,333.3333333333333,3267.0,6.4,353.0,10.81,3255.0,6.2,276.0,8.48,3428.0,6.4,310.0,9.04
2016-10,24.476774193548387,3.660803543027836,24.16,63.0,1.98,32.3,16.9,758.78,30.72,32.346,21.386333333333333,21.48548387096774,19.118387096774192,2016-10,3548.6666666666665,328.0,3459.0,6.6,351.0,10.15,3114.0,6.2,272.0,8.73,3582.0,6.5,317.0,8.85
2016-11,27.462666666666667,4.780907382735923,26.74,55.83,1.79,34.7,21.0,823.88,36.001999999999995,37.9633,24.476774193548387,21.386333333333333,21.48548387096774,2016-11,3543.3333333333335,317.3333333333333,3514.0,6.6,342.0,9.73,3235.0,6.2,279.0,8.62,3666.0,6.5,314.0,8.57
2016-12,32.0158064516129,4.900725642999921,30.15,52.74,1.68,37.9,23.6,992.49,39.375,41.766,27.462666666666667,24.476774193548387,21.386333333333333,2016-12,3468.0,312.6666666666667,3403.0,6.7,307.0,9.02,3267.0,6.4,353.0,10.81,3416.0,6.2,270.0,7.9
2017-01,34.053225806451614,3.7167937680181424,30.52,59.13,2.26,34.3,26.7,1055.65,39.5,40.208,32.0158064516129,27.462666666666667,24.476774193548387,2017-01,3302.0,293.3333333333333,3729.0,6.5,335.0,8.98,3459.0,6.6,351.0,10.15,3204.0,6.2,278.0,8.68
2017-02,35.42071428571428,3.882110850566306,31.45,58.11,1.65,36.1,25.7,991.78,41.5675,41.9863,34.053225806451614,32.0158064516129,27.462666666666667,2017-02,3088.3333333333335,273.3333333333333,3498.0,6.6,310.0,8.86,3514.0,6.6,342.0,9.73,3030.0,6.1,230.0,7.59
2017-03,30.03451612903225,4.797568021897262,28.1,60.71,1.84,34.8,22.7,931.07,40.095,41.092,35.42071428571428,34.053225806451614,32.0158064516129,2017-03,3107.3333333333335,266.3333333333333,3177.0,6.5,293.0,9.22,3403.0,6.7,307.0,9.02,3255.0,6.2,276.0,8.48
2017-04,25.515,3.865002788061626,24.97,61.07,1.72,31.5,18.8,765.45,30.7025,33.688100000000006,30.03451612903225,35.42071428571428,34.053225806451614,2017-04,3059.0,256.6666666666667,3231.0,6.2,277.0,8.57,3729.0,6.5,335.0,8.98,3114.0,6.2,272.0,8.73
2017-05,22.614193548387096,3.2908395830380925,22.36,71.48,1.61,27.9,17.0,701.04,27.64,28.986,25.515,30.03451612903225,35.42071428571428,2017-05,3284.0,273.6666666666667,2857.0,6.2,250.0,8.75,3498.0,6.6,310.0,8.86,3235.0,6.2,279.0,8.62
2017-06,21.236666666666668,4.508876558089827,21.27,66.83,1.24,28.2,12.1,637.1,27.7885,28.4379,22.614193548387096,25.515,30.03451612903225,2017-06,3342.0,291.0,3234.0,6.3,272.0,8.41,3177.0,6.5,293.0,9.22,3267.0,6.4,353.0,10.81
2017-07,22.87,5.459515240995914,23.07,53.13,1.39,30.1,8.5,708.97,28.11,29.079,21.236666666666668,22.614193548387096,25.515,2017-07,3467.0,343.0,3086.0,6.4,248.0,8.04,3231.0,6.2,277.0,8.57,3459.0,6.6,351.0,10.15
2017-08,23.187096774193545,4.7666964056520245,23.06,62.29,1.41,33.8,17.5,718.8,32.655,35.041999999999994,22.87,21.236666666666668,22.614193548387096,2017-08,3441.0,346.6666666666667,3532.0,6.2,301.0,8.52,2857.0,6.2,250.0,8.75,3514.0,6.6,342.0,9.73
2017-09,26.124,5.584973435555631,25.48,64.87,1.58,34.6,16.6,783.72,35.28399999999999,36.4852,23.187096774193545,22.87,21.236666666666668,2017-09,3503.6666666666665,354.0,3408.0,6.4,324.0,9.51,3234.0,6.3,272.0,8.41,3403.0,6.7,307.0,9.02
2017-10,24.84903225806452,3.4003934623694256,24.55,62.52,1.96,30.7,19.7,770.32,30.27,31.278,26.124,23.187096774193545,22.87,2017-10,3459.3333333333335,325.6666666666667,3461.0,6.8,404.0,11.67,3086.0,6.4,248.0,8.04,3729.0,6.5,335.0,8.98
2017-11,26.22,3.250948933083576,26.13,54.57,2.25,35.1,20.9,786.6,30.933499999999995,33.4457,24.84903225806452,26.124,23.187096774193545,2017-11,3449.6666666666665,333.3333333333333,3454.0,6.5,312.0,9.03,3532.0,6.2,301.0,8.52,3498.0,6.6,310.0,8.86
2017-12,31.676774193548383,4.70870568705582,29.56,57.94,2.22,35.5,22.0,981.98,37.78,39.388,26.22,24.84903225806452,26.124,2017-12,3345.0,317.6666666666667,3596.0,6.4,346.0,9.62,3408.0,6.4,324.0,9.51,3177.0,6.5,293.0,9.22
2018-01,31.99290322580645,3.44966780386014,29.53,59.77,2.47,35.5,24.7,991.78,37.58,38.165,31.676774193548383,26.22,24.84903225806452,2018-01,3317.3333333333335,316.0,3328.0,6.6,319.0,9.59,3461.0,6.8,404.0,11.67,3231.0,6.2,277.0,8.57
2018-02,30.77928571428572,2.9609407020860528,29.24,55.61,2.0,35.4,24.6,861.82,36.000499999999995,38.6666,31.99290322580645,31.676774193548383,26.22,2018-02,3140.3333333333335,288.6666666666667,3425.0,6.7,335.0,9.78,3454.0,6.5,312.0,9.03,2857.0,6.2,250.0,8.75
2018-03,29.9383870967742,4.89306863278672,28.1,61.81,1.68,35.8,21.7,928.09,36.965,40.456,30.77928571428572,31.99290322580645,31.676774193548383,2018-03,3074.0,279.6666666666667,3282.0,6.5,299.0,9.11,3596.0,6.4,346.0,9.62,3234.0,6.3,272.0,8.41
2018-04,29.731333333333332,3.316231485341127,28.27,60.4,1.58,33.1,21.6,891.94,34.680499999999995,35.3481,29.9383870967742,30.77928571428572,31.99290322580645,2018-04,3011.3333333333335,249.0,3245.0,6.1,314.0,9.68,3328.0,6.6,319.0,9.59,3086.0,6.4,248.0,8.04
2018-05,22.64290322580645,4.3309215289961775,22.53,63.97,1.78,28.6,14.4,701.93,28.275,28.916,29.731333333333332,29.9383870967742,30.77928571428572,2018-05,3087.3333333333335,259.0,2894.0,6.4,253.0,8.74,3425.0,6.7,335.0,9.78,3532.0,6.2,301.0,8.52
2018-06,17.766333333333332,4.970967076752864,17.9,73.87,1.69,28.3,11.4,532.99,26.202999999999992,29.8825,22.64290322580645,29.731333333333332,29.9383870967742,2018-06,3155.3333333333335,276.6666666666667,3083.0,6.2,272.0,8.82,3282.0,6.5,299.0,9.11,3408.0,6.4,324.0,9.51
2018-07,18.41064516129032,5.135767995463367,18.49,74.81,1.9,29.7,12.4,570.73,29.015,29.735,17.766333333333332,22.64290322580645,29.731333333333332,2018-07,3258.3333333333335,331.6666666666667,3057.0,6.6,222.0,7.26,3245.0,6.1,314.0,9.68,3461.0,6.8,404.0,11.67
2018-08,19.06225806451613,4.542885800661233,19.35,65.77,1.8,28.8,11.2,590.93,25.265,28.021,18.41064516129032,17.766333333333332,22.64290322580645,2018-08,3335.3333333333335,346.6666666666667,3122.0,6.3,283.0,9.06,2894.0,6.4,253.0,8.74,3454.0,6.5,312.0,9.03
2018-09,24.002,4.137089931757378,23.61,66.77,2.26,32.7,17.4,720.06,31.384999999999987,34.7897,19.06225806451613,18.41064516129032,17.766333333333332,2018-09,3370.0,369.3333333333333,3287.0,6.5,325.0,9.89,3083.0,6.2,272.0,8.82,3596.0,6.4,346.0,9.62
2018-10,25.574838709677422,3.872390192949519,25.16,59.74,2.16,32.3,19.1,792.82,32.435,33.103,24.002,19.06225806451613,18.41064516129032,2018-10,3365.0,349.6666666666667,3366.0,6.6,387.0,11.5,3057.0,6.6,222.0,7.26,3328.0,6.6,319.0,9.59
2018-11,28.943,4.4520403303932765,27.98,56.0,2.14,34.3,21.0,868.29,36.478,37.5774,25.574838709677422,24.002,19.06225806451613,2018-11,3286.0,343.6666666666667,3353.0,6.8,328.0,9.78,3122.0,6.3,283.0,9.06,3425.0,6.7,335.0,9.78
2018-12,32.16548387096774,5.961071961042843,29.86,53.23,2.35,37.4,22.0,997.13,42.745000000000005,44.254000000000005,28.943,25.574838709677422,24.002,2018-12,3198.3333333333335,303.3333333333333,3391.0,7.1,393.0,11.59,3287.0,6.5,325.0,9.89,3282.0,6.5,299.0,9.11
2019-01,36.18903225806452,5.728780181294389,31.75,60.39,2.16,38.0,24.4,1121.86,43.88,45.843,32.16548387096774,28.943,25.574838709677422,2019-01,3114.6666666666665,288.0,3351.0,6.9,328.0,9.79,3366.0,6.6,387.0,11.5,3245.0,6.1,314.0,9.68
2019-02,31.642857142857142,5.390944984943532,29.64,57.32,2.36,36.6,23.7,886.0,40.9275,42.69690000000001,36.18903225806452,32.16548387096774,28.943,2019-02,3110.6666666666665,276.3333333333333,3116.0,6.6,310.0,9.95,3353.0,6.8,328.0,9.78,2894.0,6.4,253.0,8.74
2019-03,29.66354838709677,4.440198605458315,28.02,60.03,2.11,35.4,22.4,919.57,37.19,39.186,31.642857142857142,36.18903225806452,32.16548387096774,2019-03,3023.6666666666665,275.3333333333333,3128.0,6.5,272.0,8.7,3391.0,7.1,393.0,11.59,3083.0,6.2,272.0,8.82
2019-04,27.42,4.45633915009727,26.15,69.37,1.77,32.3,20.7,822.6,35.785,36.6657,29.66354838709677,31.642857142857142,36.18903225806452,2019-04,3067.6666666666665,281.3333333333333,3100.0,6.5,282.0,9.1,3351.0,6.9,328.0,9.79,3057.0,6.6,222.0,7.26
2019-05,23.02516129032258,3.838384965032161,22.45,77.71,1.4,29.6,16.6,713.78,30.035,32.793,27.42,29.66354838709677,31.642857142857142,2019-05,3102.6666666666665,275.0,3104.0,6.0,275.0,8.86,3116.0,6.6,310.0,9.95,3122.0,6.3,283.0,9.06
2019-06,24.384,4.378211412484989,24.14,60.6,1.7,30.3,13.5,731.52,30.65,30.991,23.02516129032258,27.42,29.66354838709677,2019-06,3226.6666666666665,294.3333333333333,2867.0,6.2,269.0,9.38,3128.0,6.5,272.0,8.7,3287.0,6.5,325.0,9.89
2019-07,18.161612903225805,5.450476490958808,18.56,63.48,1.49,27.5,10.2,563.01,27.29,27.489,24.384,23.02516129032258,27.42,2019-07,3274.3333333333335,313.3333333333333,3232.0,6.2,300.0,9.28,3100.0,6.5,282.0,9.1,3366.0,6.6,387.0,11.5
2019-08,21.238709677419354,5.905972537432191,21.63,53.71,1.69,32.7,13.4,658.4,28.945,30.933,18.161612903225805,24.384,23.02516129032258,2019-08,3408.0,348.6666666666667,3209.0,6.1,256.0,7.98,3104.0,6.0,275.0,8.86,3353.0,6.8,328.0,9.78
2019-09,22.48333333333333,5.659855812305817,22.52,58.37,1.69,36.0,15.7,674.5,32.879,35.8712,21.238709677419354,18.161612903225805,24.384,2019-09,3501.0,350.3333333333333,3239.0,6.4,327.0,10.1,2867.0,6.2,269.0,9.38,3391.0,7.1,393.0,11.59
2019-10,25.765483870967746,5.514092756268359,25.33,62.71,1.75,37.9,18.3,798.73,35.8,38.26199999999999,22.48333333333333,21.238709677419354,18.161612903225805,2019-10,3583.6666666666665,345.3333333333333,3375.0,6.4,357.0,10.58,3232.0,6.2,300.0,9.28,3351.0,6.9,328.0,9.79
2019-11,28.225,4.312394926256176,27.44,55.73,1.85,33.4,20.7,846.75,35.056,35.4581,25.765483870967746,22.48333333333333,21.238709677419354,2019-11,3552.3333333333335,333.0,3610.0,6.4,362.0,10.03,3209.0,6.1,256.0,7.98,3116.0,6.6,310.0,9.95
2019-12,32.12612903225806,4.772579789742899,31.59,39.77,2.12,38.7,24.6,995.91,38.955,39.528,28.225,25.765483870967746,22.48333333333333,2019-12,3476.6666666666665,320.3333333333333,3518.0,6.5,332.0,9.44,3239.0,6.4,327.0,10.1,3128.0,6.5,272.0,8.7
2020-01,32.736451612903224,4.141892923440598,30.88,51.32,2.33,37.7,24.5,1014.83,39.77,40.182,32.12612903225806,28.225,25.765483870967746,2020-01,3350.0,309.0,3623.0,6.6,342.0,9.44,3375.0,6.4,357.0,10.58,3100.0,6.5,282.0,9.1
2020-02,32.21310344827586,4.60753505796156,30.72,46.76,1.94,37.0,24.0,934.18,39.036,40.3776,32.736451612903224,32.12612903225806,28.225,2020-02,3225.3333333333335,275.6666666666667,3516.0,6.4,325.0,9.24,3610.0,6.4,362.0,10.03,3104.0,6.0,275.0,8.86
2020-03,31.57225806451613,3.370636645776203,30.53,48.35,1.71,38.3,24.5,978.74,37.995000000000005,39.023,32.21310344827586,32.736451612903224,32.12612903225806,2020-03,3236.3333333333335,253.0,3291.0,6.2,294.0,8.93,3518.0,6.5,332.0,9.44,2867.0,6.2,269.0,9.38
2020-04,25.87833333333333,3.328923491039618,25.95,49.7,1.83,31.6,21.6,776.35,30.15,31.4044,31.57225806451613,32.21310344827586,32.736451612903224,2020-04,3111.3333333333335,232.33333333333334,3243.0,6.2,308.0,9.5,3623.0,6.6,342.0,9.44,3232.0,6.2,300.0,9.28
2020-05,21.916774193548385,3.74159982458197,22.27,54.35,1.54,30.5,16.4,679.42,28.61,29.782,25.87833333333333,31.57225806451613,32.21310344827586,2020-05,3004.6666666666665,259.0,3142.0,6.3,225.0,7.16,3516.0,6.4,325.0,9.24,3209.0,6.1,256.0,7.98
2020-06,20.905,5.565662429204818,21.02,65.0,1.54,30.5,12.7,627.15,30.052,30.4511,21.916774193548385,25.87833333333333,31.57225806451613,2020-06,2902.0,284.0,3324.0,5.7,226.0,6.8,3291.0,6.2,294.0,8.93,3239.0,6.4,327.0,10.1
2020-07,18.35032258064516,6.559921993373075,18.81,61.45,1.79,30.3,11.4,568.86,29.465,30.544,20.905,21.916774193548385,25.87833333333333,2020-07,2961.6666666666665,306.3333333333333,2868.0,5.8,246.0,8.58,3243.0,6.2,308.0,9.5,3375.0,6.4,357.0,10.58
2020-08,22.205483870967743,5.775604925725488,22.5,55.29,1.3,30.7,11.7,688.37,29.87,31.11,18.35032258064516,20.905,21.916774193548385,2020-08,3070.6666666666665,313.0,2822.0,5.7,305.0,10.81,3142.0,6.3,225.0,7.16,3610.0,6.4,362.0,10.03
2020-09,21.738,4.401809502528675,21.63,67.93,1.83,29.0,14.6,652.14,28.1745,28.5559,22.205483870967743,18.35032258064516,20.905,2020-09,3062.6666666666665,313.3333333333333,3016.0,6.1,301.0,9.98,3324.0,5.7,226.0,6.8,3518.0,6.5,332.0,9.44
2020-10,24.590967741935486,4.130425607479784,24.42,60.0,1.8,33.2,14.4,762.32,31.275,31.978,21.738,22.205483870967743,18.35032258064516,2020-10,3149.6666666666665,323.3333333333333,3047.0,5.9,313.0,10.27,2868.0,5.8,246.0,8.58,3623.0,6.6,342.0,9.44
2020-11,27.6,4.39429175180711,26.96,53.63,2.07,37.2,21.9,828.0,35.413999999999994,37.3434,24.590967741935486,21.738,22.205483870967743,2020-11,3120.3333333333335,306.0,3149.0,5.8,325.0,10.32,2822.0,5.7,305.0,10.81,3516.0,6.4,325.0,9.24
2020-12,30.72967741935484,4.555613741214216,29.23,52.87,2.09,37.4,20.0,952.62,37.85,39.465,27.6,24.590967741935486,21.738,2020-12,3097.6666666666665,299.3333333333333,2992.0,6.0,302.0,10.09,3016.0,6.1,301.0,9.98,3291.0,6.2,294.0,8.93
2021-01,32.06935483870968,4.0983776753603935,30.06,54.29,1.95,37.2,24.0,994.15,37.325,39.573,30.72967741935484,27.6,24.590967741935486,2021-01,2919.3333333333335,285.3333333333333,3308.0,6.0,343.0,10.37,3047.0,5.9,313.0,10.27,3243.0,6.2,308.0,9.5
2021-02,31.35,2.547619077288236,29.84,52.14,1.99,33.8,26.2,877.8,35.144,37.5738,32.06935483870968,30.72967741935484,27.6,2021-02,2755.0,283.6666666666667,3061.0,6.1,273.0,8.92,3149.0,5.8,325.0,10.32,3142.0,6.3,225.0,7.16
2021-03,29.700645161290325,3.583813551217819,28.37,58.61,1.54,33.8,23.6,920.72,35.59,36.611,31.35,32.06935483870968,30.72967741935484,2021-03,2542.6666666666665,273.0,2924.0,6.3,282.0,9.64,2992.0,6.0,302.0,10.09,3324.0,5.7,226.0,6.8
2021-04,27.461666666666662,3.7061552560044193,27.16,50.77,1.72,34.5,20.8,823.85,34.198,34.6724,29.700645161290325,31.35,32.06935483870968,2021-04,2350.3333333333335,263.0,2773.0,6.0,301.0,10.85,3308.0,6.0,343.0,10.37,2868.0,5.8,246.0,8.58
2021-05,20.16032258064516,4.318889891218936,20.59,55.39,1.55,31.9,15.1,624.97,28.43,31.455,27.461666666666662,29.700645161290325,31.35,2021-05,2329.3333333333335,274.3333333333333,2568.0,6.2,268.0,10.44,3061.0,6.1,273.0,8.92,2822.0,5.7,305.0,10.81
2021-06,17.94333333333333,4.983364971260044,18.26,68.23,1.84,31.0,9.2,538.3,26.618999999999986,30.789500000000004,20.16032258064516,27.461666666666662,29.700645161290325,2021-06,2541.0,311.6666666666667,2287.0,6.1,250.0,10.93,2924.0,6.3,282.0,9.64,3016.0,6.1,301.0,9.98
2021-07,19.008064516129032,4.983480322930176,19.55,56.03,1.42,27.7,10.4,589.25,26.88,27.182,17.94333333333333,20.16032258064516,27.461666666666662,2021-07,2858.0,351.3333333333333,2196.0,5.7,271.0,12.34,2773.0,6.0,301.0,10.85,3047.0,5.9,313.0,10.27
2021-08,21.6658064516129,5.332072626533107,21.83,61.26,1.65,34.4,14.2,671.64,30.21,33.512,19.008064516129032,17.94333333333333,20.16032258064516,2021-08,3132.0,378.0,2505.0,6.0,302.0,12.06,2568.0,6.2,268.0,10.44,3149.0,5.8,325.0,10.32
2021-09,22.696,3.651673777777849,22.66,62.93,1.86,30.0,17.4,680.88,30.262,30.8436,21.6658064516129,19.008064516129032,17.94333333333333,2021-09,3278.6666666666665,383.0,2922.0,6.1,362.0,12.39,2287.0,6.1,250.0,10.93,2992.0,6.0,302.0,10.09
2021-10,25.074516129032254,4.095729351987407,25.05,53.42,1.95,33.3,18.5,777.31,31.895000000000003,32.2,22.696,21.6658064516129,19.008064516129032,2021-10,3356.6666666666665,370.6666666666667,3147.0,6.2,390.0,12.39,2196.0,5.7,271.0,12.34,3308.0,6.0,343.0,10.37
2021-11,27.671666666666667,4.259464174925205,27.44,50.9,1.86,35.8,18.5,830.15,34.0725,36.4573,25.074516129032254,22.696,21.6658064516129,2021-11,3356.0,346.6666666666667,3327.0,6.5,382.0,11.48,2505.0,6.0,302.0,12.06,3061.0,6.1,273.0,8.92
2021-12,29.52806451612903,3.628355384426796,28.63,52.19,2.04,34.6,24.4,915.37,35.6,37.33,27.671666666666667,25.074516129032254,22.696,2021-12,3326.0,325.3333333333333,3362.0,6.5,377.0,11.21,2922.0,6.1,362.0,12.39,2924.0,6.3,282.0,9.64
2022-01,35.600967741935484,6.870095756168521,32.41,49.77,1.68,39.7,24.7,1103.63,44.73,45.812000000000005,29.52806451612903,27.671666666666667,25.074516129032254,2022-01,3220.3333333333335,314.6666666666667,3381.0,6.6,353.0,10.44,3147.0,6.2,390.0,12.39,2773.0,6.0,301.0,10.85
2022-02,32.89178571428572,4.151157851483911,30.99,50.14,1.8,36.5,25.4,920.97,40.44,40.9738,35.600967741935484,29.52806451612903,27.671666666666667,2022-02,3041.0,306.6666666666667,3325.0,6.8,310.0,9.32,3327.0,6.5,382.0,11.48,2568.0,6.2,268.0,10.44
2022-03,29.406451612903226,5.946023067780736,27.61,61.23,1.69,36.3,20.5,911.6,39.365,41.359,32.89178571428572,35.600967741935484,29.52806451612903,2022-03,2936.0,300.0,3272.0,6.8,313.0,9.57,3362.0,6.5,377.0,11.21,2287.0,6.1,250.0,10.93
2022-04,24.813333333333333,3.605429175594757,24.43,62.6,1.36,33.8,20.3,744.4,29.7355,35.0061,29.406451612903226,32.89178571428572,35.600967741935484,2022-04,2953.6666666666665,297.0,3064.0,6.4,321.0,10.48,3381.0,6.6,353.0,10.44,2196.0,5.7,271.0,12.34
2022-05,19.5841935483871,3.5642182632320623,19.81,66.97,1.37,28.4,13.0,607.11,25.095,27.448,24.813333333333333,29.406451612903226,32.89178571428572,2022-05,3062.0,304.6666666666667,2787.0,6.3,286.0,10.26,3325.0,6.8,310.0,9.32,2505.0,6.0,302.0,12.06
2022-06,17.10533333333333,3.426842050165372,17.41,72.57,1.12,23.7,11.7,513.16,22.2055,23.2468,19.5841935483871,24.813333333333333,29.406451612903226,2022-06,3218.3333333333335,337.0,2957.0,6.3,293.0,9.91,3272.0,6.8,313.0,9.57,2922.0,6.1,362.0,12.39
2022-07,21.78258064516129,4.5646649878838765,21.66,69.26,1.18,29.8,15.1,675.26,28.5,29.637,17.10533333333333,19.5841935483871,24.813333333333333,2022-07,3358.6666666666665,366.6666666666667,3117.0,6.6,312.0,10.01,3064.0,6.4,321.0,10.48,3147.0,6.2,390.0,12.39
2022-08,20.32451612903226,4.679402980943671,20.67,60.19,1.51,31.5,13.8,630.0600000000001,28.375,29.872,21.78258064516129,17.10533333333333,19.5841935483871,2022-08,3492.0,390.6666666666667,3112.0,6.7,309.0,9.93,2787.0,6.3,286.0,10.26,3327.0,6.5,382.0,11.48
2022-09,21.319333333333336,3.5051508239804137,21.63,54.5,1.93,28.0,15.8,639.58,27.688,29.0641,20.32451612903226,21.78258064516129,17.10533333333333,2022-09,3571.0,383.3333333333333,3426.0,6.6,390.0,11.38,2957.0,6.3,293.0,9.91,3362.0,6.5,377.0,11.21
2022-10,24.30258064516129,4.228274642405917,24.34,56.19,2.06,34.0,16.3,753.38,32.85,34.181999999999995,21.319333333333336,20.32451612903226,21.78258064516129,2022-10,3632.3333333333335,368.3333333333333,3538.0,6.6,401.0,11.33,3117.0,6.6,312.0,10.01,3381.0,6.6,353.0,10.44
2022-11,26.49866666666667,3.936470266738915,26.36,48.93,2.16,31.9,18.8,794.96,31.3455,31.6956,24.30258064516129,21.319333333333336,20.32451612903226,2022-11,3646.6666666666665,342.3333333333333,3512.0,6.9,381.0,10.85,3112.0,6.7,309.0,9.93,3325.0,6.8,310.0,9.32
2022-12,31.088387096774195,4.432102658839776,29.96,49.06,1.9,36.0,23.4,963.74,38.05,39.582,26.49866666666667,24.30258064516129,21.319333333333336,2022-12,3596.3333333333335,315.6666666666667,3663.0,6.6,368.0,10.05,3426.0,6.6,390.0,11.38,3272.0,6.8,313.0,9.57
2023-01,34.364838709677414,3.679634828772864,32.48,46.48,1.84,37.7,26.2,1065.31,39.870000000000005,41.042,31.088387096774195,26.49866666666667,24.30258064516129,2023-01,3527.6666666666665,295.0,3722.0,7.1,356.0,9.56,3538.0,6.6,401.0,11.33,3064.0,6.4,321.0,10.48
2023-02,31.922857142857143,4.405428349411547,30.65,49.36,1.69,38.1,22.7,893.84,38.143,40.3628,34.364838709677414,31.088387096774195,26.49866666666667,2023-02,3376.0,284.0,3555.0,7.1,303.0,8.52,3512.0,6.9,381.0,10.85,2787.0,6.3,286.0,10.26
2023-03,33.54032258064516,3.3894301230649053,30.88,55.48,1.67,34.8,26.3,1039.75,37.685,38.008,31.922857142857143,34.364838709677414,31.088387096774195,2023-03,3284.3333333333335,280.0,3512.0,7.0,288.0,8.2,3663.0,6.6,368.0,10.05,2957.0,6.3,293.0,9.91
2023-04,25.713666666666665,3.653115329303936,25.56,53.97,1.51,32.6,19.4,771.41,33.254,33.4959,33.54032258064516,31.922857142857143,34.364838709677414,2023-04,3193.6666666666665,264.6666666666667,3516.0,6.9,294.0,8.36,3722.0,7.1,356.0,9.56,3117.0,6.6,312.0,10.01
2023-05,23.17419354838709,3.011812050569721,23.12,62.0,1.28,29.1,19.1,718.4,28.8,29.807,25.713666666666665,33.54032258064516,31.922857142857143,2023-05,3267.6666666666665,287.0,3100.0,6.6,270.0,8.71,3555.0,7.1,303.0,8.52,3112.0,6.7,309.0,9.93
2023-06,21.014,5.171620569061968,21.16,61.97,1.62,28.6,13.5,630.42,28.28,29.1915,23.17419354838709,25.713666666666665,33.54032258064516,2023-06,3313.3333333333335,307.6666666666667,3237.0,7.1,276.0,8.53,3512.0,7.0,288.0,8.2,3426.0,6.6,390.0,11.38
2023-07,19.76967741935484,4.713359370888219,20.0,65.06,1.63,29.1,12.8,612.86,28.41,28.929,21.014,23.17419354838709,25.713666666666665,2023-07,3483.3333333333335,346.3333333333333,3244.0,6.8,248.0,7.64,3516.0,6.9,294.0,8.36,3538.0,6.6,401.0,11.33
2023-08,22.680967741935483,5.464467253593107,22.86,52.13,1.62,32.3,15.2,703.11,31.335,33.002,19.76967741935484,21.014,23.17419354838709,2023-08,3632.0,348.6666666666667,3322.0,7.0,337.0,10.14,3100.0,6.6,270.0,8.71,3512.0,6.9,381.0,10.85
2023-09,23.058,5.5597515449325,22.7,69.97,1.69,34.9,15.6,691.74,33.459999999999994,36.6514,22.680967741935483,19.76967741935484,21.014,2023-09,3709.3333333333335,345.6666666666667,3374.0,6.8,338.0,10.02,3237.0,7.1,276.0,8.53,3663.0,6.6,368.0,10.05
2023-10,23.510645161290324,3.7879897355403607,23.3,63.58,1.84,31.6,16.9,728.83,29.465,32.166,23.058,22.680967741935483,19.76967741935484,2023-10,3690.3333333333335,338.0,3754.0,6.8,364.0,9.7,3244.0,6.8,248.0,7.64,3722.0,7.1,356.0,9.56
2023-11,26.595,3.669000380635501,25.96,61.17,1.65,33.5,19.9,797.85,31.954,34.2029,23.510645161290324,23.058,22.680967741935483,2023-11,3615.3333333333335,337.3333333333333,3768.0,6.9,344.0,9.13,3322.0,7.0,337.0,10.14,3555.0,7.1,303.0,8.52
2023-12,32.380645161290325,6.370596484623121,29.62,58.16,1.8,37.9,21.1,1003.8,42.35,44.738,26.595,23.510645161290324,23.058,2023-12,3554.6666666666665,317.6666666666667,3606.0,6.9,329.0,9.12,3374.0,6.8,338.0,10.02,3512.0,7.0,288.0,8.2
2024-01,31.661290322580644,4.47743657460046,29.34,57.68,1.96,35.9,25.6,981.5,39.795,42.217,32.380645161290325,26.595,23.510645161290324,2024-01,3568.6666666666665,318.6666666666667,3697.0,7.5,341.0,9.22,3754.0,6.8,364.0,9.7,3516.0,6.9,294.0,8.36
2024-02,34.47379310344827,4.748840019109252,31.1,56.9,1.76,36.7,23.0,999.74,42.464,43.3032,31.661290322580644,32.380645161290325,26.595,2024-02,3446.3333333333335,292.6666666666667,3543.0,7.3,342.0,9.65,3768.0,6.9,344.0,9.13,3100.0,6.6,270.0,8.71
2024-03,32.049032258064514,4.559461484896883,29.72,56.74,1.54,36.1,23.8,993.52,39.155,40.844,34.47379310344827,31.661290322580644,32.380645161290325,2024-03,3435.0,295.0,3424.0,7.2,270.0,7.89,3606.0,6.9,329.0,9.12,3237.0,7.1,276.0,8.53
2024-04,26.315,3.7675444760892143,25.36,69.33,1.65,31.3,20.6,789.45,33.322,33.9723,32.049032258064514,34.47379310344827,31.661290322580644,2024-04,3298.3333333333335,283.0,3739.0,6.7,344.0,9.2,3697.0,7.5,341.0,9.22,3244.0,6.8,248.0,7.64
2024-05,20.278709677419357,6.342678583445898,20.0,76.16,1.62,32.5,12.7,628.64,33.985,34.489,26.315,32.049032258064514,34.47379310344827,2024-05,3297.0,299.3333333333333,3176.0,6.4,264.0,8.31,3543.0,7.3,342.0,9.65,3322.0,7.0,337.0,10.14
2024-06,22.028666666666663,5.929765787857947,21.99,64.67,1.66,31.5,11.6,660.86,30.344,30.7398,20.278709677419357,26.315,32.049032258064514,2024-06,3380.3333333333335,316.6666666666667,3390.0,6.7,277.0,8.17,3424.0,7.2,270.0,7.89,3374.0,6.8,338.0,10.02
2024-07,17.503548387096775,5.5611578820644265,17.91,67.87,1.31,28.9,9.8,542.61,26.97,28.224,22.028666666666663,20.278709677419357,26.315,2024-07,3500.3333333333335,326.6666666666667,3329.0,6.5,308.0,9.25,3739.0,6.7,344.0,9.2,3754.0,6.8,364.0,9.7
2024-08,20.59,5.447565205361627,20.85,60.29,1.61,31.1,12.5,638.29,29.725,30.238,17.503548387096775,22.028666666666663,20.278709677419357,2024-08,3725.0,352.0,3172.0,6.7,313.0,9.87,3176.0,6.4,264.0,8.31,3768.0,6.9,344.0,9.13
2024-09,24.021,4.649160361717535,23.8,63.0,1.42,33.7,18.0,720.63,33.113,34.30500000000001,20.59,17.503548387096775,22.028666666666663,2024-09,3653.6666666666665,341.6666666666667,3640.0,6.6,329.0,9.04,3390.0,6.7,277.0,8.17,3606.0,6.9,329.0,9.12
